
> xinban-ai-mobile@1.0.0 lint
> eslint .


/Users/leo/.myrd/workspaces/cms1g8itk000am9fyr4l0vp35/run-cmuufi2ip0019icry302mk1em/apps/mobile/dist-web/_expo/static/js/web/index-e8431dc84de012602a032a6a67f2ea30.js
    1:1       error    Unexpected var, use let or const instead                                      no-var
    1:5       warning  '__BUNDLE_START_TIME__' is assigned a value but never used                    no-unused-vars
    1:59      error    'nativePerformanceNow' is not defined                                         no-undef
    1:93      warning  '__DEV__' is assigned a value but never used                                  no-unused-vars
    2:1       warning  Expected an assignment or function call and instead saw an expression         no-unused-expressions
    2:28      warning  Expected an assignment or function call and instead saw an expression         no-unused-expressions
    2:322     warning  Expected an assignment or function call and instead saw an expression         no-unused-expressions
    2:381     error    Unexpected var, use let or const instead                                      no-var
    2:611     error    Unexpected var, use let or const instead                                      no-var
    2:807     error    Unexpected var, use let or const instead                                      no-var
    2:1043    warning  Expected an assignment or function call and instead saw an expression         no-unused-expressions
    2:1573    warning  Expected an assignment or function call and instead saw an expression         no-unused-expressions
    2:1878    warning  Expected an assignment or function call and instead saw an expression         no-unused-expressions
    3:1       warning  Expected an assignment or function call and instead saw an expression         no-unused-expressions
    4:1       warning  Expected an assignment or function call and instead saw an expression         no-unused-expressions
    5:1       warning  Expected an assignment or function call and instead saw an expression         no-unused-expressions
    6:1       error    '__d' is not defined                                                          no-undef
    6:43      error    Unexpected var, use let or const instead                                      no-var
    7:1       error    '__d' is not defined                                                          no-undef
    7:43      warning  Expected an assignment or function call and instead saw an expression         no-unused-expressions
    7:1966    error    Unexpected var, use let or const instead                                      no-var
    8:1       error    '__d' is not defined                                                          no-undef
    8:42      warning  Expected an assignment or function call and instead saw an expression         no-unused-expressions
    9:1       error    '__d' is not defined                                                          no-undef
   10:1       error    '__d' is not defined                                                          no-undef
   10:42      warning  Expected an assignment or function call and instead saw an expression         no-unused-expressions
   11:1       error    '__d' is not defined                                                          no-undef
   12:1       error    '__d' is not defined                                                          no-undef
   12:42      warning  Expected an assignment or function call and instead saw an expression         no-unused-expressions
   12:178     error    Unexpected var, use let or const instead                                      no-var
   13:1       error    '__d' is not defined                                                          no-undef
   13:42      warning  Expected an assignment or function call and instead saw an expression         no-unused-expressions
   13:166     error    '__filename' is not defined                                                   no-undef
   14:1       error    '__d' is not defined                                                          no-undef
   14:42      error    Unexpected var, use let or const instead                                      no-var
   15:1       error    '__d' is not defined                                                          no-undef
   15:42      warning  Expected an assignment or function call and instead saw an expression         no-unused-expressions
   15:278     error    Unexpected var, use let or const instead                                      no-var
   16:1       error    '__d' is not defined                                                          no-undef
   16:42      warning  Expected an assignment or function call and instead saw an expression         no-unused-expressions
   16:197     error    Unexpected var, use let or const instead                                      no-var
   17:1       error    '__d' is not defined                                                          no-undef
   17:43      warning  Expected an assignment or function call and instead saw an expression         no-unused-expressions
   17:252     error    Unexpected var, use let or const instead                                      no-var
   18:1       error    '__d' is not defined                                                          no-undef
   18:42      warning  Expected an assignment or function call and instead saw an expression         no-unused-expressions
   18:167     error    Unexpected var, use let or const instead                                      no-var
   18:181     error    Unexpected var, use let or const instead                                      no-var
   19:1       error    '__d' is not defined                                                          no-undef
   19:42      warning  Expected an assignment or function call and instead saw an expression         no-unused-expressions
   20:1       error    '__d' is not defined                                                          no-undef
   20:42      warning  Expected an assignment or function call and instead saw an expression         no-unused-expressions
   20:299     warning  Expected an assignment or function call and instead saw an expression         no-unused-expressions
   20:432     warning  Expected an assignment or function call and instead saw an expression         no-unused-expressions
   20:493     warning  Expected an assignment or function call and instead saw an expression         no-unused-expressions
   20:629     warning  Expected an assignment or function call and instead saw an expression         no-unused-expressions
   21:1       error    '__d' is not defined                                                          no-undef
   21:42      warning  Expected an assignment or function call and instead saw an expression         no-unused-expressions
   21:139     error    Unexpected var, use let or const instead                                      no-var
   22:1       error    '__d' is not defined                                                          no-undef
   22:42      warning  Expected an assignment or function call and instead saw an expression         no-unused-expressions
   22:241     warning  Expected an assignment or function call and instead saw an expression         no-unused-expressions
   23:1       error    '__d' is not defined                                                          no-undef
   23:42      warning  Expected an assignment or function call and instead saw an expression         no-unused-expressions
   24:1       error    '__d' is not defined                                                          no-undef
   25:1       error    '__d' is not defined                                                          no-undef
   25:42      warning  Expected an assignment or function call and instead saw an expression         no-unused-expressions
   26:1       error    '__d' is not defined                                                          no-undef
   26:43      warning  Expected an assignment or function call and instead saw an expression         no-unused-expressions
   26:178     error    Unexpected var, use let or const instead                                      no-var
   27:1       error    '__d' is not defined                                                          no-undef
   27:43      warning  Expected an assignment or function call and instead saw an expression         no-unused-expressions
   27:178     error    Unexpected var, use let or const instead                                      no-var
   28:1       error    '__d' is not defined                                                          no-undef
   28:94      warning  Expected an assignment or function call and instead saw an expression         no-unused-expressions
   28:229     error    Unexpected var, use let or const instead                                      no-var
   28:901     error    Unexpected var, use let or const instead                                      no-var
   28:938     warning  Expected an assignment or function call and instead saw an expression         no-unused-expressions
   29:1       error    '__d' is not defined                                                          no-undef
   29:44      warning  Expected an assignment or function call and instead saw an expression         no-unused-expressions
   29:171     error    Unexpected var, use let or const instead                                      no-var
   29:240     error    Unexpected var, use let or const instead                                      no-var
   29:294     error    Unexpected var, use let or const instead                                      no-var
   29:332     warning  Expected an assignment or function call and instead saw an expression         no-unused-expressions
   29:462     error    Unexpected var, use let or const instead                                      no-var
   29:494     error    Unexpected var, use let or const instead                                      no-var
   29:535     warning  Expected an assignment or function call and instead saw an expression         no-unused-expressions
   30:1       error    '__d' is not defined                                                          no-undef
   30:44      warning  Expected an assignment or function call and instead saw an expression         no-unused-expressions
   30:171     error    Unexpected var, use let or const instead                                      no-var
   31:1       error    '__d' is not defined                                                          no-undef
   31:95      warning  Expected an assignment or function call and instead saw an expression         no-unused-expressions
   31:222     error    Unexpected var, use let or const instead                                      no-var
   31:266     error    Unexpected var, use let or const instead                                      no-var
   31:312     warning  Expected '===' and instead saw '=='                                           eqeqeq
   32:1       error    '__d' is not defined                                                          no-undef
   32:272     warning  Expected an assignment or function call and instead saw an expression         no-unused-expressions
   33:1       error    '__d' is not defined                                                          no-undef
   33:45      warning  Expected an assignment or function call and instead saw an expression         no-unused-expressions
   33:172     error    Unexpected var, use let or const instead                                      no-var
   33:252     warning  Expected '!==' and instead saw '!='                                           eqeqeq
   33:284     error    Unexpected var, use let or const instead                                      no-var
   33:327     error    Unexpected var, use let or const instead                                      no-var
   33:367     warning  Expected '!==' and instead saw '!='                                           eqeqeq
   34:1       error    '__d' is not defined                                                          no-undef
   34:70      error    Unexpected var, use let or const instead                                      no-var
   34:155     error    Unexpected var, use let or const instead                                      no-var
   34:321     error    Unexpected var, use let or const instead                                      no-var
   35:1       error    '__d' is not defined                                                          no-undef
   35:78      warning  Expected an assignment or function call and instead saw an expression         no-unused-expressions
   36:1       error    '__d' is not defined                                                          no-undef
   36:94      warning  Expected an assignment or function call and instead saw an expression         no-unused-expressions
   36:386     error    Unexpected var, use let or const instead                                      no-var
   36:533     error    Unexpected var, use let or const instead                                      no-var
   36:639     error    Unexpected var, use let or const instead                                      no-var
   37:1       error    '__d' is not defined                                                          no-undef
   37:117     error    Unexpected var, use let or const instead                                      no-var
   37:149     error    Unexpected var, use let or const instead                                      no-var
   37:172     error    Unexpected var, use let or const instead                                      no-var
   37:260     warning  Expected an assignment or function call and instead saw an expression         no-unused-expressions
   38:1       error    '__d' is not defined                                                          no-undef
   38:42      warning  Expected an assignment or function call and instead saw an expression         no-unused-expressions
   38:167     error    Unexpected var, use let or const instead                                      no-var
   39:1       error    '__d' is not defined                                                          no-undef
   39:42      warning  Expected an assignment or function call and instead saw an expression         no-unused-expressions
   39:242     error    Unexpected var, use let or const instead                                      no-var
   39:303     error    Unexpected var, use let or const instead                                      no-var
   40:1       error    '__d' is not defined                                                          no-undef
   40:42      warning  Expected an assignment or function call and instead saw an expression         no-unused-expressions
   40:131     error    '__REACT_DEVTOOLS_GLOBAL_HOOK__' is not defined                               no-undef
   40:175     error    '__REACT_DEVTOOLS_GLOBAL_HOOK__' is not defined                               no-undef
   41:1       error    '__d' is not defined                                                          no-undef
   51:14      error    Unexpected var, use let or const instead                                      no-var
   51:62      error    Unexpected var, use let or const instead                                      no-var
   51:172     error    Unexpected var, use let or const instead                                      no-var
   51:498     error    Unexpected var, use let or const instead                                      no-var
   51:563     warning  Expected an assignment or function call and instead saw an expression         no-unused-expressions
   51:671     error    Unexpected var, use let or const instead                                      no-var
   51:822     error    Unexpected var, use let or const instead                                      no-var
   51:1004    error    Unexpected var, use let or const instead                                      no-var
   51:1092    error    Unexpected var, use let or const instead                                      no-var
   51:1107    error    Unexpected var, use let or const instead                                      no-var
   51:1140    error    Unexpected var, use let or const instead                                      no-var
   51:1355    warning  Expected an assignment or function call and instead saw an expression         no-unused-expressions
   51:1372    error    Unexpected var, use let or const instead                                      no-var
   51:1405    warning  Expected an assignment or function call and instead saw an expression         no-unused-expressions
   51:1434    warning  Expected an assignment or function call and instead saw an expression         no-unused-expressions
   51:1500    warning  Expected an assignment or function call and instead saw an expression         no-unused-expressions
   51:1529    warning  Expected an assignment or function call and instead saw an expression         no-unused-expressions
   51:1708    error    Unexpected var, use let or const instead                                      no-var
   51:1838    error    Unexpected var, use let or const instead                                      no-var
   51:2298    error    Unexpected var, use let or const instead                                      no-var
   51:2333    warning  Expected an assignment or function call and instead saw an expression         no-unused-expressions
   51:2402    error    Unexpected var, use let or const instead                                      no-var
   51:2484    error    Unexpected var, use let or const instead                                      no-var
   51:2615    error    Unexpected var, use let or const instead                                      no-var
   51:3135    error    Unexpected var, use let or const instead                                      no-var
   51:3321    warning  Expected an assignment or function call and instead saw an expression         no-unused-expressions
   51:3369    warning  'e' is defined but never used. Allowed unused caught errors must match /^_/u  no-unused-vars
   51:3386    error    Unexpected var, use let or const instead                                      no-var
   51:3644    warning  Expected an assignment or function call and instead saw an expression         no-unused-expressions
   51:3696    warning  Expected an assignment or function call and instead saw an expression         no-unused-expressions
   51:3727    error    Unexpected var, use let or const instead                                      no-var
   51:4032    warning  Expected an assignment or function call and instead saw an expression         no-unused-expressions
   51:4058    warning  Expected an assignment or function call and instead saw an expression         no-unused-expressions
   51:4119    error    Unexpected var, use let or const instead                                      no-var
   51:4150    warning  Expected an assignment or function call and instead saw an expression         no-unused-expressions
   51:4188    warning  Expected an assignment or function call and instead saw an expression         no-unused-expressions
   51:4312    error    Unexpected var, use let or const instead                                      no-var
   51:4355    warning  Expected an assignment or function call and instead saw an expression         no-unused-expressions
   51:4478    error    Unexpected var, use let or const instead                                      no-var
   51:4530    error    Unexpected var, use let or const instead                                      no-var
   51:4595    error    Unexpected var, use let or const instead                                      no-var
   51:4651    error    Unexpected var, use let or const instead                                      no-var
   51:4843    error    Unexpected var, use let or const instead                                      no-var
   51:5184    error    Unexpected var, use let or const instead                                      no-var
   51:5377    error    Unexpected var, use let or const instead                                      no-var
   51:5438    error    Unexpected var, use let or const instead                                      no-var
   51:5790    error    Unexpected var, use let or const instead                                      no-var
   51:5962    warning  Expected an assignment or function call and instead saw an expression         no-unused-expressions
   51:6415    error    Unexpected var, use let or const instead                                      no-var
   51:6434    warning  Expected an assignment or function call and instead saw an expression         no-unused-expressions
   51:6546    error    Unexpected var, use let or const instead                                      no-var
   51:7083    warning  'e' is defined but never used. Allowed unused caught errors must match /^_/u  no-unused-vars
   51:7088    error    Unexpected var, use let or const instead                                      no-var
   51:7195    error    Unexpected var, use let or const instead                                      no-var
   51:7242    error    Unexpected var, use let or const instead                                      no-var
   51:7868    error    Unexpected var, use let or const instead                                      no-var
   51:7907    error    Unexpected var, use let or const instead                                      no-var
   51:7964    error    Unexpected var, use let or const instead                                      no-var
   51:8582    error    Unexpected var, use let or const instead                                      no-var
   51:8653    error    Unexpected var, use let or const instead                                      no-var
   51:8711    warning  Expected an assignment or function call and instead saw an expression         no-unused-expressions
   51:8820    error    Unexpected var, use let or const instead                                      no-var
   51:8841    warning  Expected an assignment or function call and instead saw an expression         no-unused-expressions
   51:9001    error    Unexpected var, use let or const instead                                      no-var
   51:9078    error    Unexpected var, use let or const instead                                      no-var
   51:9100    warning  Expected an assignment or function call and instead saw an expression         no-unused-expressions
   51:9115    error    Unexpected var, use let or const instead                                      no-var
   51:9172    error    Unexpected var, use let or const instead                                      no-var
   51:9220    warning  Expected an assignment or function call and instead saw an expression         no-unused-expressions
   51:9311    warning  Expected an assignment or function call and instead saw an expression         no-unused-expressions
   51:9350    error    Unexpected var, use let or const instead                                      no-var
   51:9365    warning  Expected an assignment or function call and instead saw an expression         no-unused-expressions
   51:9460    error    Unexpected var, use let or const instead                                      no-var
   51:9512    error    Unexpected var, use let or const instead                                      no-var
   51:9534    warning  Expected an assignment or function call and instead saw an expression         no-unused-expressions
   51:9580    error    Unexpected var, use let or const instead                                      no-var
   51:10076   error    Unexpected var, use let or const instead                                      no-var
   51:10158   error    Unexpected var, use let or const instead                                      no-var
   51:10204   error    Unexpected var, use let or const instead                                      no-var
   51:10454   warning  Expected an assignment or function call and instead saw an expression         no-unused-expressions
   51:10534   error    Unexpected var, use let or const instead                                      no-var
   51:10564   error    Unexpected var, use let or const instead                                      no-var
   51:10789   error    Unexpected var, use let or const instead                                      no-var
   51:10892   error    Unexpected var, use let or const instead                                      no-var
   51:10989   error    Unexpected var, use let or const instead                                      no-var
   51:11098   error    Unexpected var, use let or const instead                                      no-var
   51:11136   warning  Expected an assignment or function call and instead saw an expression         no-unused-expressions
   51:11223   error    Unexpected var, use let or const instead                                      no-var
   51:11888   error    Unexpected var, use let or const instead                                      no-var
   51:12005   error    Unexpected var, use let or const instead                                      no-var
   51:12551   error    Unexpected var, use let or const instead                                      no-var
   51:12662   error    Unexpected var, use let or const instead                                      no-var
   51:12816   error    Unexpected var, use let or const instead                                      no-var
   51:12938   warning  Expected an assignment or function call and instead saw an expression         no-unused-expressions
   51:13100   warning  Expected an assignment or function call and instead saw an expression         no-unused-expressions
   51:13172   error    Unexpected var, use let or const instead                                      no-var
   51:13265   error    Unexpected var, use let or const instead                                      no-var
   51:13302   error    Unexpected var, use let or const instead                                      no-var
   51:13543   warning  'n' is defined but never used. Allowed unused caught errors must match /^_/u  no-unused-vars
   51:13561   error    Unexpected var, use let or const instead                                      no-var
   51:13701   warning  Expected an assignment or function call and instead saw an expression         no-unused-expressions
   51:13867   warning  Expected '!==' and instead saw '!='                                           eqeqeq
   51:14475   warning  Expected an assignment or function call and instead saw an expression         no-unused-expressions
   51:14563   warning  Expected an assignment or function call and instead saw an expression         no-unused-expressions
   51:14911   error    Unexpected var, use let or const instead                                      no-var
   51:14972   warning  Expected an assignment or function call and instead saw an expression         no-unused-expressions
   51:15280   warning  Expected an assignment or function call and instead saw an expression         no-unused-expressions
   51:15537   warning  Expected an assignment or function call and instead saw an expression         no-unused-expressions
   51:15557   warning  Expected an assignment or function call and instead saw an expression         no-unused-expressions
   51:15664   error    Unexpected var, use let or const instead                                      no-var
   51:15764   error    Unexpected var, use let or const instead                                      no-var
   51:16749   error    Unexpected var, use let or const instead                                      no-var
   51:16775   warning  Expected an assignment or function call and instead saw an expression         no-unused-expressions
   51:17077   error    Unexpected var, use let or const instead                                      no-var
   51:17088   warning  Expected an assignment or function call and instead saw an expression         no-unused-expressions
   51:17220   error    Unexpected var, use let or const instead                                      no-var
   51:17231   warning  Expected an assignment or function call and instead saw an expression         no-unused-expressions
   51:17288   error    Unexpected var, use let or const instead                                      no-var
   51:17578   error    Unexpected var, use let or const instead                                      no-var
   51:20534   error    Unexpected var, use let or const instead                                      no-var
   51:20687   error    Unexpected var, use let or const instead                                      no-var
   51:20722   error    Unexpected var, use let or const instead                                      no-var
   51:20757   error    Unexpected var, use let or const instead                                      no-var
   51:21068   error    Unexpected var, use let or const instead                                      no-var
   51:21106   error    Unexpected var, use let or const instead                                      no-var
   51:21406   error    Unexpected var, use let or const instead                                      no-var
   51:21610   error    Unexpected var, use let or const instead                                      no-var
   51:21652   error    Unexpected var, use let or const instead                                      no-var
   51:21939   warning  Expected an assignment or function call and instead saw an expression         no-unused-expressions
   51:22138   error    Unexpected var, use let or const instead                                      no-var
   51:22257   error    Unexpected var, use let or const instead                                      no-var
   51:22267   warning  Expected an assignment or function call and instead saw an expression         no-unused-expressions
   51:22412   warning  'e' is defined but never used. Allowed unused caught errors must match /^_/u  no-unused-vars
   51:22421   error    Unexpected var, use let or const instead                                      no-var
   51:22479   error    Unexpected var, use let or const instead                                      no-var
   51:22583   error    Unexpected var, use let or const instead                                      no-var
   51:22679   error    Unexpected var, use let or const instead                                      no-var
   51:22875   error    Unexpected var, use let or const instead                                      no-var
   51:22992   warning  Expected an assignment or function call and instead saw an expression         no-unused-expressions
   51:23251   error    Unexpected var, use let or const instead                                      no-var
   51:23274   warning  Expected an assignment or function call and instead saw an expression         no-unused-expressions
   51:23314   error    Invalid typeof comparison value                                               valid-typeof
   51:23422   error    Unexpected var, use let or const instead                                      no-var
   51:23445   warning  Expected an assignment or function call and instead saw an expression         no-unused-expressions
   51:23487   error    Invalid typeof comparison value                                               valid-typeof
   51:23613   error    Unexpected var, use let or const instead                                      no-var
   51:25273   error    Unexpected var, use let or const instead                                      no-var
   51:25388   error    Unexpected var, use let or const instead                                      no-var
   51:25433   error    Unexpected var, use let or const instead                                      no-var
   51:26667   error    Unexpected var, use let or const instead                                      no-var
   51:27024   error    Unexpected var, use let or const instead                                      no-var
   51:27593   error    Unexpected var, use let or const instead                                      no-var
   51:27763   error    Unexpected var, use let or const instead                                      no-var
   51:27876   warning  Expected an assignment or function call and instead saw an expression         no-unused-expressions
   51:28007   error    Unexpected var, use let or const instead                                      no-var
   51:28129   error    Unexpected var, use let or const instead                                      no-var
   51:28146   error    Unexpected var, use let or const instead                                      no-var
   51:28160   error    Unexpected var, use let or const instead                                      no-var
   51:28196   error    Unexpected var, use let or const instead                                      no-var
   51:28233   warning  Expected an assignment or function call and instead saw an expression         no-unused-expressions
   51:28391   warning  Expected an assignment or function call and instead saw an expression         no-unused-expressions
   51:28498   error    Unexpected var, use let or const instead                                      no-var
   51:28507   warning  Expected an assignment or function call and instead saw an expression         no-unused-expressions
   51:28553   warning  Expected an assignment or function call and instead saw an expression         no-unused-expressions
   51:28828   error    Unexpected var, use let or const instead                                      no-var
   51:28913   warning  Expected '===' and instead saw '=='                                           eqeqeq
   51:28922   warning  Expected '!==' and instead saw '!='                                           eqeqeq
   51:28928   warning  Expected '!==' and instead saw '!='                                           eqeqeq
   51:29041   error    Unexpected var, use let or const instead                                      no-var
   51:29135   error    Unexpected var, use let or const instead                                      no-var
   51:29275   error    Unexpected var, use let or const instead                                      no-var
   51:29693   error    Unexpected var, use let or const instead                                      no-var
   51:29856   error    Unexpected var, use let or const instead                                      no-var
   51:29915   warning  'e' is defined but never used. Allowed unused caught errors must match /^_/u  no-unused-vars
   51:29994   error    Unexpected var, use let or const instead                                      no-var
   51:30199   error    Unexpected var, use let or const instead                                      no-var
   51:30312   error    Unexpected var, use let or const instead                                      no-var
   51:30375   warning  Expected an assignment or function call and instead saw an expression         no-unused-expressions
   51:30810   error    Unexpected var, use let or const instead                                      no-var
   51:30907   error    Unexpected var, use let or const instead                                      no-var
   51:31330   error    Unexpected var, use let or const instead                                      no-var
   51:31414   warning  Expected an assignment or function call and instead saw an expression         no-unused-expressions
   51:31658   error    Unexpected var, use let or const instead                                      no-var
   51:32502   warning  Expected an assignment or function call and instead saw an expression         no-unused-expressions
   51:32545   error    Unexpected var, use let or const instead                                      no-var
   51:32673   error    Unexpected var, use let or const instead                                      no-var
   51:33039   error    Unexpected var, use let or const instead                                      no-var
   51:33064   error    Unexpected var, use let or const instead                                      no-var
   51:33089   error    Unexpected var, use let or const instead                                      no-var
   51:33114   error    Unexpected var, use let or const instead                                      no-var
   51:33139   error    Unexpected var, use let or const instead                                      no-var
   51:33187   error    Unexpected var, use let or const instead                                      no-var
   51:33203   warning  Expected an assignment or function call and instead saw an expression         no-unused-expressions
   51:33297   warning  Expected an assignment or function call and instead saw an expression         no-unused-expressions
   51:33519   error    Unexpected var, use let or const instead                                      no-var
   51:33564   error    Unexpected var, use let or const instead                                      no-var
   51:33594   warning  Expected an assignment or function call and instead saw an expression         no-unused-expressions
   51:33928   error    Unexpected var, use let or const instead                                      no-var
   51:34002   error    Unexpected var, use let or const instead                                      no-var
   51:34033   warning  Expected an assignment or function call and instead saw an expression         no-unused-expressions
   51:34514   error    Unexpected var, use let or const instead                                      no-var
   51:35124   error    Unexpected var, use let or const instead                                      no-var
   51:35630   error    Unexpected var, use let or const instead                                      no-var
   51:35884   warning  Expected an assignment or function call and instead saw an expression         no-unused-expressions
   51:36215   warning  Expected an assignment or function call and instead saw an expression         no-unused-expressions
   51:36235   warning  Expected an assignment or function call and instead saw an expression         no-unused-expressions
   51:36470   error    Unexpected var, use let or const instead                                      no-var
   51:36700   error    Unexpected var, use let or const instead                                      no-var
   51:36769   error    Unexpected var, use let or const instead                                      no-var
   51:36891   error    Unexpected var, use let or const instead                                      no-var
   51:36966   warning  Expected an assignment or function call and instead saw an expression         no-unused-expressions
   51:37019   warning  Expected an assignment or function call and instead saw an expression         no-unused-expressions
   51:37060   error    Unexpected var, use let or const instead                                      no-var
   51:37074   error    Unexpected var, use let or const instead                                      no-var
   51:37091   warning  Expected an assignment or function call and instead saw an expression         no-unused-expressions
   51:37107   error    Unexpected var, use let or const instead                                      no-var
   51:37133   error    Unexpected var, use let or const instead                                      no-var
   51:37145   warning  Expected an assignment or function call and instead saw an expression         no-unused-expressions
   51:37220   warning  Expected an assignment or function call and instead saw an expression         no-unused-expressions
   51:37255   warning  Expected an assignment or function call and instead saw an expression         no-unused-expressions
   51:37320   warning  Expected an assignment or function call and instead saw an expression         no-unused-expressions
   51:37381   warning  Expected an assignment or function call and instead saw an expression         no-unused-expressions
   51:37470   warning  Expected an assignment or function call and instead saw an expression         no-unused-expressions
   51:37533   error    Unexpected var, use let or const instead                                      no-var
   51:37726   error    Unexpected var, use let or const instead                                      no-var
   51:37810   warning  Expected an assignment or function call and instead saw an expression         no-unused-expressions
   51:38034   warning  Expected an assignment or function call and instead saw an expression         no-unused-expressions
   51:38114   warning  Expected an assignment or function call and instead saw an expression         no-unused-expressions
   51:38259   warning  Expected an assignment or function call and instead saw an expression         no-unused-expressions
   51:38315   warning  Expected an assignment or function call and instead saw an expression         no-unused-expressions
   51:38856   error    Unexpected var, use let or const instead                                      no-var
   51:39191   warning  Expected an assignment or function call and instead saw an expression         no-unused-expressions
   51:39303   warning  Expected an assignment or function call and instead saw an expression         no-unused-expressions
   51:39334   error    Unexpected var, use let or const instead                                      no-var
   51:39422   warning  Expected an assignment or function call and instead saw an expression         no-unused-expressions
   51:39450   error    Unexpected var, use let or const instead                                      no-var
   51:39500   warning  Expected an assignment or function call and instead saw an expression         no-unused-expressions
   51:39555   warning  Expected an assignment or function call and instead saw an expression         no-unused-expressions
   51:39623   error    Unexpected var, use let or const instead                                      no-var
   51:39806   error    Unexpected var, use let or const instead                                      no-var
   51:39858   error    Unexpected var, use let or const instead                                      no-var
   51:39892   error    Unexpected var, use let or const instead                                      no-var
   51:39941   error    Unexpected var, use let or const instead                                      no-var
   51:39957   error    Unexpected var, use let or const instead                                      no-var
   51:40001   warning  Expected an assignment or function call and instead saw an expression         no-unused-expressions
   51:40159   warning  Expected an assignment or function call and instead saw an expression         no-unused-expressions
   51:40334   warning  Expected an assignment or function call and instead saw an expression         no-unused-expressions
   51:40410   error    Unexpected var, use let or const instead                                      no-var
   51:40507   error    Unexpected var, use let or const instead                                      no-var
   51:40588   error    Unexpected var, use let or const instead                                      no-var
   51:40601   warning  Expected an assignment or function call and instead saw an expression         no-unused-expressions
   51:40732   warning  Expected an assignment or function call and instead saw an expression         no-unused-expressions
   51:40835   warning  Expected an assignment or function call and instead saw an expression         no-unused-expressions
   51:41010   warning  Expected an assignment or function call and instead saw an expression         no-unused-expressions
   51:41169   error    Unexpected var, use let or const instead                                      no-var
   51:41277   warning  Expected an assignment or function call and instead saw an expression         no-unused-expressions
   51:41365   error    Unexpected var, use let or const instead                                      no-var
   51:41435   error    Unexpected var, use let or const instead                                      no-var
   51:41535   warning  Expected an assignment or function call and instead saw an expression         no-unused-expressions
   51:41822   warning  Expected an assignment or function call and instead saw an expression         no-unused-expressions
   51:41891   error    Unexpected var, use let or const instead                                      no-var
   51:41952   error    Unexpected var, use let or const instead                                      no-var
   51:41964   warning  Expected an assignment or function call and instead saw an expression         no-unused-expressions
   51:42141   error    Unexpected var, use let or const instead                                      no-var
   51:42150   warning  Expected an assignment or function call and instead saw an expression         no-unused-expressions
   51:42175   error    Unexpected var, use let or const instead                                      no-var
   51:42210   error    Unexpected var, use let or const instead                                      no-var
   51:42239   warning  Expected an assignment or function call and instead saw an expression         no-unused-expressions
   51:42332   error    Unexpected var, use let or const instead                                      no-var
   51:42361   error    Unexpected var, use let or const instead                                      no-var
   51:42475   error    Unexpected var, use let or const instead                                      no-var
   51:42540   error    Unexpected var, use let or const instead                                      no-var
   51:42962   warning  Expected an assignment or function call and instead saw an expression         no-unused-expressions
   51:43029   error    Unexpected var, use let or const instead                                      no-var
   51:43037   warning  Expected an assignment or function call and instead saw an expression         no-unused-expressions
   51:43107   error    Unexpected var, use let or const instead                                      no-var
   51:43115   warning  Expected an assignment or function call and instead saw an expression         no-unused-expressions
   51:43390   error    Unexpected var, use let or const instead                                      no-var
   51:43449   error    Unexpected var, use let or const instead                                      no-var
   51:43528   error    Unexpected var, use let or const instead                                      no-var
   51:43560   error    Unexpected var, use let or const instead                                      no-var
   51:43629   warning  Expected an assignment or function call and instead saw an expression         no-unused-expressions
   51:43889   error    Unexpected var, use let or const instead                                      no-var
   51:43907   warning  Expected an assignment or function call and instead saw an expression         no-unused-expressions
   51:44006   warning  Expected an assignment or function call and instead saw an expression         no-unused-expressions
   51:44055   error    Unexpected var, use let or const instead                                      no-var
   51:44079   warning  Expected an assignment or function call and instead saw an expression         no-unused-expressions
   51:44534   error    Unexpected var, use let or const instead                                      no-var
   51:45606   error    Unexpected var, use let or const instead                                      no-var
   51:46588   error    Unexpected var, use let or const instead                                      no-var
   51:46649   warning  Expected an assignment or function call and instead saw an expression         no-unused-expressions
   51:46684   error    Unexpected var, use let or const instead                                      no-var
   51:46739   warning  Expected an assignment or function call and instead saw an expression         no-unused-expressions
   51:46893   warning  Expected an assignment or function call and instead saw an expression         no-unused-expressions
   51:47006   warning  Expected an assignment or function call and instead saw an expression         no-unused-expressions
   51:47247   error    Unexpected var, use let or const instead                                      no-var
   51:47327   warning  Expected an assignment or function call and instead saw an expression         no-unused-expressions
   51:47362   error    Unexpected var, use let or const instead                                      no-var
   51:47420   warning  Expected an assignment or function call and instead saw an expression         no-unused-expressions
   51:47576   warning  Expected an assignment or function call and instead saw an expression         no-unused-expressions
   51:47700   warning  Expected an assignment or function call and instead saw an expression         no-unused-expressions
   51:48052   error    Unexpected var, use let or const instead                                      no-var
   51:48122   warning  Expected an assignment or function call and instead saw an expression         no-unused-expressions
   51:48274   warning  Expected an assignment or function call and instead saw an expression         no-unused-expressions
   51:48346   warning  Expected an assignment or function call and instead saw an expression         no-unused-expressions
   51:48365   warning  Expected an assignment or function call and instead saw an expression         no-unused-expressions
   51:48660   warning  Expected an assignment or function call and instead saw an expression         no-unused-expressions
   51:48733   warning  Expected an assignment or function call and instead saw an expression         no-unused-expressions
   51:48752   warning  Expected an assignment or function call and instead saw an expression         no-unused-expressions
   51:49271   error    Unexpected var, use let or const instead                                      no-var
   51:49340   error    Unexpected var, use let or const instead                                      no-var
   51:49399   error    Unexpected var, use let or const instead                                      no-var
   51:49610   warning  Expected an assignment or function call and instead saw an expression         no-unused-expressions
   51:49874   error    Unexpected var, use let or const instead                                      no-var
   51:49938   error    Unexpected var, use let or const instead                                      no-var
   51:50136   error    Unexpected var, use let or const instead                                      no-var
   51:50150   warning  Expected an assignment or function call and instead saw an expression         no-unused-expressions
   51:50207   error    Unexpected var, use let or const instead                                      no-var
   51:50277   error    Unexpected var, use let or const instead                                      no-var
   51:50331   error    Unexpected var, use let or const instead                                      no-var
   51:50403   warning  Expected an assignment or function call and instead saw an expression         no-unused-expressions
   51:50454   warning  Expected an assignment or function call and instead saw an expression         no-unused-expressions
   51:50619   warning  Expected an assignment or function call and instead saw an expression         no-unused-expressions
   51:50695   error    Unexpected var, use let or const instead                                      no-var
   51:50776   error    Unexpected var, use let or const instead                                      no-var
   51:50802   error    Unexpected var, use let or const instead                                      no-var
   51:50899   error    Unexpected var, use let or const instead                                      no-var
   51:50916   warning  Expected an assignment or function call and instead saw an expression         no-unused-expressions
   51:50954   error    Unexpected var, use let or const instead                                      no-var
   51:50972   warning  Expected an assignment or function call and instead saw an expression         no-unused-expressions
   51:51098   error    Unexpected var, use let or const instead                                      no-var
   51:51142   error    Unexpected var, use let or const instead                                      no-var
   51:51206   warning  Expected an assignment or function call and instead saw an expression         no-unused-expressions
   51:51314   error    Unexpected var, use let or const instead                                      no-var
   51:51330   error    Unexpected var, use let or const instead                                      no-var
   51:51575   warning  Expected an assignment or function call and instead saw an expression         no-unused-expressions
   51:51685   warning  Expected an assignment or function call and instead saw an expression         no-unused-expressions
   51:51850   warning  Expected an assignment or function call and instead saw an expression         no-unused-expressions
   51:51917   warning  Expected an assignment or function call and instead saw an expression         no-unused-expressions
   51:52140   error    Unexpected var, use let or const instead                                      no-var
   51:52221   error    Unexpected var, use let or const instead                                      no-var
   51:52261   warning  Expected an assignment or function call and instead saw an expression         no-unused-expressions
   51:52311   warning  Expected an assignment or function call and instead saw an expression         no-unused-expressions
   51:52351   warning  Expected an assignment or function call and instead saw an expression         no-unused-expressions
   51:52377   error    Unexpected var, use let or const instead                                      no-var
   51:52415   error    Unexpected var, use let or const instead                                      no-var
   51:52433   warning  Expected an assignment or function call and instead saw an expression         no-unused-expressions
   51:52548   warning  Expected an assignment or function call and instead saw an expression         no-unused-expressions
   51:52606   warning  Expected an assignment or function call and instead saw an expression         no-unused-expressions
   51:52681   warning  Expected an assignment or function call and instead saw an expression         no-unused-expressions
   51:52730   warning  Expected an assignment or function call and instead saw an expression         no-unused-expressions
   51:52760   error    Unexpected var, use let or const instead                                      no-var
   51:52791   error    Unexpected var, use let or const instead                                      no-var
   51:52825   error    Unexpected var, use let or const instead                                      no-var
   51:53134   warning  Expected an assignment or function call and instead saw an expression         no-unused-expressions
   51:53295   warning  Expected an assignment or function call and instead saw an expression         no-unused-expressions
   51:53345   error    Unexpected var, use let or const instead                                      no-var
   51:53495   error    Unexpected var, use let or const instead                                      no-var
   51:53772   error    Unexpected var, use let or const instead                                      no-var
   51:53949   error    Unexpected var, use let or const instead                                      no-var
   51:54054   error    Unexpected var, use let or const instead                                      no-var
   51:54074   warning  Expected an assignment or function call and instead saw an expression         no-unused-expressions
   51:54161   warning  Expected an assignment or function call and instead saw an expression         no-unused-expressions
   51:54210   error    Unexpected var, use let or const instead                                      no-var
   51:54371   error    Unexpected var, use let or const instead                                      no-var
   51:54417   warning  Expected an assignment or function call and instead saw an expression         no-unused-expressions
   51:54527   error    Unexpected var, use let or const instead                                      no-var
   51:54541   warning  Expected an assignment or function call and instead saw an expression         no-unused-expressions
   51:54583   warning  Expected an assignment or function call and instead saw an expression         no-unused-expressions
   51:54638   error    Unexpected var, use let or const instead                                      no-var
   51:54799   error    Unexpected var, use let or const instead                                      no-var
   51:54865   error    Unexpected var, use let or const instead                                      no-var
   51:54918   warning  Expected an assignment or function call and instead saw an expression         no-unused-expressions
   51:55009   warning  Expected an assignment or function call and instead saw an expression         no-unused-expressions
   51:55189   error    Unexpected var, use let or const instead                                      no-var
   51:55519   error    Unexpected var, use let or const instead                                      no-var
   51:55585   error    Unexpected var, use let or const instead                                      no-var
   51:56068   error    Unexpected var, use let or const instead                                      no-var
   51:56138   error    Unexpected var, use let or const instead                                      no-var
   51:56194   error    Unexpected var, use let or const instead                                      no-var
   51:56207   warning  Expected an assignment or function call and instead saw an expression         no-unused-expressions
   51:56230   warning  Expected an assignment or function call and instead saw an expression         no-unused-expressions
   51:56310   error    Unexpected var, use let or const instead                                      no-var
   51:56349   error    Unexpected var, use let or const instead                                      no-var
   51:56410   error    Unexpected var, use let or const instead                                      no-var
   51:56438   warning  Expected an assignment or function call and instead saw an expression         no-unused-expressions
   51:56609   warning  Expected an assignment or function call and instead saw an expression         no-unused-expressions
   51:56642   warning  Expected an assignment or function call and instead saw an expression         no-unused-expressions
   51:56820   warning  Expected an assignment or function call and instead saw an expression         no-unused-expressions
   51:56885   warning  Expected an assignment or function call and instead saw an expression         no-unused-expressions
   51:57182   warning  Expected an assignment or function call and instead saw an expression         no-unused-expressions
   51:57323   error    Unexpected var, use let or const instead                                      no-var
   51:57400   error    Unexpected var, use let or const instead                                      no-var
   51:57475   error    Unexpected var, use let or const instead                                      no-var
   51:57493   warning  Expected an assignment or function call and instead saw an expression         no-unused-expressions
   51:57531   warning  Expected an assignment or function call and instead saw an expression         no-unused-expressions
   51:57669   error    Unexpected var, use let or const instead                                      no-var
   51:57747   error    Unexpected var, use let or const instead                                      no-var
   51:58055   warning  Expected an assignment or function call and instead saw an expression         no-unused-expressions
   51:58277   warning  Expected an assignment or function call and instead saw an expression         no-unused-expressions
   51:58385   error    Unexpected var, use let or const instead                                      no-var
   51:58419   error    Unexpected var, use let or const instead                                      no-var
   51:58450   warning  'e' is defined but never used. Allowed unused caught errors must match /^_/u  no-unused-vars
   51:58478   error    Unexpected var, use let or const instead                                      no-var
   51:58527   error    Unexpected var, use let or const instead                                      no-var
   51:58563   error    Unexpected var, use let or const instead                                      no-var
   51:58896   error    Unexpected var, use let or const instead                                      no-var
   51:59040   warning  Expected an assignment or function call and instead saw an expression         no-unused-expressions
   51:59183   error    Unexpected var, use let or const instead                                      no-var
   51:59239   error    Unexpected var, use let or const instead                                      no-var
   51:59264   error    Unexpected var, use let or const instead                                      no-var
   51:59283   warning  Expected an assignment or function call and instead saw an expression         no-unused-expressions
   51:59337   warning  Expected an assignment or function call and instead saw an expression         no-unused-expressions
   51:59453   warning  Expected an assignment or function call and instead saw an expression         no-unused-expressions
   51:59599   warning  Expected an assignment or function call and instead saw an expression         no-unused-expressions
   51:59747   error    Unexpected var, use let or const instead                                      no-var
   51:59803   warning  Expected an assignment or function call and instead saw an expression         no-unused-expressions
   51:59909   error    Unexpected var, use let or const instead                                      no-var
   51:59993   error    Unexpected var, use let or const instead                                      no-var
   51:60028   error    Unexpected var, use let or const instead                                      no-var
   51:60058   error    Unexpected var, use let or const instead                                      no-var
   51:60202   warning  Expected an assignment or function call and instead saw an expression         no-unused-expressions
   51:60756   error    Unexpected var, use let or const instead                                      no-var
   51:60813   error    Unexpected var, use let or const instead                                      no-var
   51:60989   error    Unexpected var, use let or const instead                                      no-var
   51:61034   warning  Expected an assignment or function call and instead saw an expression         no-unused-expressions
   51:61057   error    Unexpected var, use let or const instead                                      no-var
   51:61450   error    Unexpected var, use let or const instead                                      no-var
   51:61461   warning  Expected an assignment or function call and instead saw an expression         no-unused-expressions
   51:61555   error    Unexpected var, use let or const instead                                      no-var
   51:61586   error    Unexpected var, use let or const instead                                      no-var
   51:61613   warning  Expected an assignment or function call and instead saw an expression         no-unused-expressions
   51:61828   error    Unexpected var, use let or const instead                                      no-var
   51:61861   warning  Expected an assignment or function call and instead saw an expression         no-unused-expressions
   51:61955   error    Unexpected var, use let or const instead                                      no-var
   51:61970   warning  Expected an assignment or function call and instead saw an expression         no-unused-expressions
   51:62018   error    Unexpected var, use let or const instead                                      no-var
   51:62271   error    Unexpected var, use let or const instead                                      no-var
   51:62300   warning  Expected an assignment or function call and instead saw an expression         no-unused-expressions
   51:62416   warning  Expected an assignment or function call and instead saw an expression         no-unused-expressions
   51:62505   error    Unexpected var, use let or const instead                                      no-var
   51:62536   error    Unexpected var, use let or const instead                                      no-var
   51:62634   error    Unexpected var, use let or const instead                                      no-var
   51:62665   error    Unexpected var, use let or const instead                                      no-var
   51:63133   error    Unexpected var, use let or const instead                                      no-var
   51:63162   error    Unexpected var, use let or const instead                                      no-var
   51:63183   warning  Expected an assignment or function call and instead saw an expression         no-unused-expressions
   51:63206   error    Unexpected var, use let or const instead                                      no-var
   51:63405   warning  Expected an assignment or function call and instead saw an expression         no-unused-expressions
   51:63440   error    Unexpected var, use let or const instead                                      no-var
   51:63667   warning  Expected an assignment or function call and instead saw an expression         no-unused-expressions
   51:63793   error    Unexpected var, use let or const instead                                      no-var
   51:63880   error    Unexpected var, use let or const instead                                      no-var
   51:63923   error    Unexpected var, use let or const instead                                      no-var
   51:64308   error    Unexpected var, use let or const instead                                      no-var
   51:64320   warning  Expected an assignment or function call and instead saw an expression         no-unused-expressions
   51:64519   error    Unexpected var, use let or const instead                                      no-var
   51:64574   error    Unexpected var, use let or const instead                                      no-var
   51:64706   error    Unexpected var, use let or const instead                                      no-var
   51:64717   warning  Expected an assignment or function call and instead saw an expression         no-unused-expressions
   51:64921   error    Unexpected var, use let or const instead                                      no-var
   51:65036   error    Unexpected var, use let or const instead                                      no-var
   51:65132   error    Unexpected var, use let or const instead                                      no-var
   51:65256   warning  'e' is defined but never used. Allowed unused caught errors must match /^_/u  no-unused-vars
   51:65527   error    Unexpected var, use let or const instead                                      no-var
   51:65603   error    Unexpected var, use let or const instead                                      no-var
   51:65619   warning  Expected an assignment or function call and instead saw an expression         no-unused-expressions
   51:65707   error    Unexpected var, use let or const instead                                      no-var
   51:65721   warning  Expected an assignment or function call and instead saw an expression         no-unused-expressions
   51:65761   error    Unexpected var, use let or const instead                                      no-var
   51:66166   error    Unexpected var, use let or const instead                                      no-var
   51:66336   warning  Expected an assignment or function call and instead saw an expression         no-unused-expressions
   51:66524   error    Unexpected var, use let or const instead                                      no-var
   51:66555   error    Unexpected var, use let or const instead                                      no-var
   51:66662   error    Unexpected var, use let or const instead                                      no-var
   51:66688   error    Unexpected var, use let or const instead                                      no-var
   51:67012   error    Unexpected var, use let or const instead                                      no-var
   51:67190   error    Unexpected var, use let or const instead                                      no-var
   51:67309   error    Unexpected var, use let or const instead                                      no-var
   51:67452   error    Unexpected var, use let or const instead                                      no-var
   51:67611   error    Unexpected var, use let or const instead                                      no-var
   51:67651   error    Unexpected var, use let or const instead                                      no-var
   51:67660   warning  Expected an assignment or function call and instead saw an expression         no-unused-expressions
   51:67915   error    Unexpected var, use let or const instead                                      no-var
   51:67956   error    Unexpected var, use let or const instead                                      no-var
   51:68222   error    Unexpected var, use let or const instead                                      no-var
   51:68662   error    Unexpected var, use let or const instead                                      no-var
   51:68940   error    Unexpected var, use let or const instead                                      no-var
   51:69194   error    Unexpected var, use let or const instead                                      no-var
   51:69285   error    Unexpected var, use let or const instead                                      no-var
   51:69483   error    Unexpected var, use let or const instead                                      no-var
   51:69618   warning  Expected an assignment or function call and instead saw an expression         no-unused-expressions
   51:69745   error    Unexpected var, use let or const instead                                      no-var
   51:69805   error    Unexpected var, use let or const instead                                      no-var
   51:69824   warning  Expected an assignment or function call and instead saw an expression         no-unused-expressions
   51:69961   error    Unexpected var, use let or const instead                                      no-var
   51:69980   warning  Expected an assignment or function call and instead saw an expression         no-unused-expressions
   51:70122   error    Unexpected var, use let or const instead                                      no-var
   51:70141   warning  Expected an assignment or function call and instead saw an expression         no-unused-expressions
   51:70430   warning  Expected an assignment or function call and instead saw an expression         no-unused-expressions
   51:70685   error    Unexpected var, use let or const instead                                      no-var
   51:70710   error    Unexpected var, use let or const instead                                      no-var
   51:70773   error    Unexpected var, use let or const instead                                      no-var
   51:71351   error    Unexpected var, use let or const instead                                      no-var
   51:71414   error    Unexpected var, use let or const instead                                      no-var
   51:71428   warning  Expected an assignment or function call and instead saw an expression         no-unused-expressions
   51:71495   error    Unexpected var, use let or const instead                                      no-var
   51:71586   warning  Expected an assignment or function call and instead saw an expression         no-unused-expressions
   51:71662   error    Unexpected var, use let or const instead                                      no-var
   51:72707   error    Unexpected var, use let or const instead                                      no-var
   51:72811   warning  Expected an assignment or function call and instead saw an expression         no-unused-expressions
   51:73193   error    Unexpected var, use let or const instead                                      no-var
   51:73325   error    Unexpected var, use let or const instead                                      no-var
   51:73351   error    Unexpected var, use let or const instead                                      no-var
   51:73364   error    Unexpected var, use let or const instead                                      no-var
   51:73562   error    Unexpected var, use let or const instead                                      no-var
   51:73775   error    Unexpected var, use let or const instead                                      no-var
   51:73964   error    Unexpected var, use let or const instead                                      no-var
   51:74150   error    Unexpected var, use let or const instead                                      no-var
   51:74429   warning  Expected an assignment or function call and instead saw an expression         no-unused-expressions
   51:74478   warning  Expected an assignment or function call and instead saw an expression         no-unused-expressions
   51:74598   warning  Expected an assignment or function call and instead saw an expression         no-unused-expressions
   51:74718   warning  Expected an assignment or function call and instead saw an expression         no-unused-expressions
   51:75026   error    Unexpected var, use let or const instead                                      no-var
   51:75444   error    Unexpected var, use let or const instead                                      no-var
   51:75889   error    Unexpected var, use let or const instead                                      no-var
   51:75924   error    Unexpected var, use let or const instead                                      no-var
   51:75969   warning  Expected an assignment or function call and instead saw an expression         no-unused-expressions
   51:76046   warning  Expected an assignment or function call and instead saw an expression         no-unused-expressions
   51:76231   warning  Expected an assignment or function call and instead saw an expression         no-unused-expressions
   51:76253   warning  Expected an assignment or function call and instead saw an expression         no-unused-expressions
   51:76472   error    Unexpected var, use let or const instead                                      no-var
   51:77013   error    Unexpected var, use let or const instead                                      no-var
   51:77038   warning  Expected an assignment or function call and instead saw an expression         no-unused-expressions
   51:77965   error    Unexpected var, use let or const instead                                      no-var
   51:78007   error    Unexpected var, use let or const instead                                      no-var
   51:78039   warning  Expected an assignment or function call and instead saw an expression         no-unused-expressions
   51:78084   error    Unexpected var, use let or const instead                                      no-var
   51:78117   warning  Expected an assignment or function call and instead saw an expression         no-unused-expressions
   51:78343   error    Unexpected var, use let or const instead                                      no-var
   51:78365   warning  Expected an assignment or function call and instead saw an expression         no-unused-expressions
   51:79006   warning  Expected an assignment or function call and instead saw an expression         no-unused-expressions
   51:79436   error    Unexpected var, use let or const instead                                      no-var
   51:79458   warning  Expected an assignment or function call and instead saw an expression         no-unused-expressions
   51:80842   error    Unexpected var, use let or const instead                                      no-var
   51:81054   error    Unexpected var, use let or const instead                                      no-var
   51:81552   error    Unexpected var, use let or const instead                                      no-var
   51:81802   error    Unexpected var, use let or const instead                                      no-var
   51:81867   warning  Expected an assignment or function call and instead saw an expression         no-unused-expressions
   51:82296   error    Unexpected var, use let or const instead                                      no-var
   51:82309   warning  Expected an assignment or function call and instead saw an expression         no-unused-expressions
   51:82549   warning  Expected an assignment or function call and instead saw an expression         no-unused-expressions
   51:82578   warning  Expected an assignment or function call and instead saw an expression         no-unused-expressions
   51:83734   error    Unexpected var, use let or const instead                                      no-var
   51:83752   warning  Expected an assignment or function call and instead saw an expression         no-unused-expressions
   51:83817   error    Unexpected var, use let or const instead                                      no-var
   51:83839   warning  Expected an assignment or function call and instead saw an expression         no-unused-expressions
   51:84083   error    Unexpected var, use let or const instead                                      no-var
   51:84142   error    Unexpected var, use let or const instead                                      no-var
   51:84386   warning  Expected an assignment or function call and instead saw an expression         no-unused-expressions
   51:84515   warning  Expected an assignment or function call and instead saw an expression         no-unused-expressions
   51:84609   warning  Expected an assignment or function call and instead saw an expression         no-unused-expressions
   51:84665   warning  Expected an assignment or function call and instead saw an expression         no-unused-expressions
   51:84905   warning  Expected an assignment or function call and instead saw an expression         no-unused-expressions
   51:85371   warning  Expected an assignment or function call and instead saw an expression         no-unused-expressions
   51:85575   warning  Expected an assignment or function call and instead saw an expression         no-unused-expressions
   51:85847   error    Unexpected var, use let or const instead                                      no-var
   51:86035   error    Unexpected var, use let or const instead                                      no-var
   51:86540   warning  Expected an assignment or function call and instead saw an expression         no-unused-expressions
   51:86619   error    Unexpected var, use let or const instead                                      no-var
   51:86706   error    Unexpected var, use let or const instead                                      no-var
   51:86733   warning  Expected an assignment or function call and instead saw an expression         no-unused-expressions
   51:86779   warning  Expected an assignment or function call and instead saw an expression         no-unused-expressions
   51:86851   warning  Expected an assignment or function call and instead saw an expression         no-unused-expressions
   51:87126   error    Unexpected var, use let or const instead                                      no-var
   51:87148   warning  Expected an assignment or function call and instead saw an expression         no-unused-expressions
   51:87183   error    Unexpected var, use let or const instead                                      no-var
   51:87427   warning  Expected an assignment or function call and instead saw an expression         no-unused-expressions
   51:87659   warning  Expected an assignment or function call and instead saw an expression         no-unused-expressions
   51:90391   warning  Expected an assignment or function call and instead saw an expression         no-unused-expressions
   51:90545   error    Unexpected var, use let or const instead                                      no-var
   51:90566   warning  Expected an assignment or function call and instead saw an expression         no-unused-expressions
   51:90604   warning  Expected an assignment or function call and instead saw an expression         no-unused-expressions
   51:90675   error    Unexpected var, use let or const instead                                      no-var
   51:90696   warning  Expected an assignment or function call and instead saw an expression         no-unused-expressions
   51:90734   warning  Expected an assignment or function call and instead saw an expression         no-unused-expressions
   51:90823   error    Unexpected var, use let or const instead                                      no-var
   51:90894   error    Unexpected var, use let or const instead                                      no-var
   51:90918   warning  Expected an assignment or function call and instead saw an expression         no-unused-expressions
   51:91041   warning  Expected an assignment or function call and instead saw an expression         no-unused-expressions
   51:91178   error    Unexpected var, use let or const instead                                      no-var
   51:91643   error    Unexpected var, use let or const instead                                      no-var
   51:92039   warning  Expected an assignment or function call and instead saw an expression         no-unused-expressions
   51:92299   error    Unexpected var, use let or const instead                                      no-var
   51:92643   warning  Expected an assignment or function call and instead saw an expression         no-unused-expressions
   51:92750   warning  Expected an assignment or function call and instead saw an expression         no-unused-expressions
   51:92972   warning  Expected an assignment or function call and instead saw an expression         no-unused-expressions
   51:93113   warning  Expected an assignment or function call and instead saw an expression         no-unused-expressions
   51:93242   warning  Expected an assignment or function call and instead saw an expression         no-unused-expressions
   51:93763   warning  Expected an assignment or function call and instead saw an expression         no-unused-expressions
   51:93871   warning  Expected an assignment or function call and instead saw an expression         no-unused-expressions
   51:94146   warning  Expected an assignment or function call and instead saw an expression         no-unused-expressions
   51:94201   warning  Expected an assignment or function call and instead saw an expression         no-unused-expressions
   51:94217   warning  Expected an assignment or function call and instead saw an expression         no-unused-expressions
   51:94665   warning  Expected an assignment or function call and instead saw an expression         no-unused-expressions
   51:94720   warning  Expected an assignment or function call and instead saw an expression         no-unused-expressions
   51:94736   warning  Expected an assignment or function call and instead saw an expression         no-unused-expressions
   51:95722   warning  Expected an assignment or function call and instead saw an expression         no-unused-expressions
   51:95816   warning  Expected an assignment or function call and instead saw an expression         no-unused-expressions
   51:96066   warning  Expected an assignment or function call and instead saw an expression         no-unused-expressions
   51:96158   warning  Expected an assignment or function call and instead saw an expression         no-unused-expressions
   51:97921   warning  Expected an assignment or function call and instead saw an expression         no-unused-expressions
   51:98117   warning  Expected an assignment or function call and instead saw an expression         no-unused-expressions
   51:98187   error    Unexpected var, use let or const instead                                      no-var
   51:98249   error    Unexpected var, use let or const instead                                      no-var
   51:98296   error    Unexpected var, use let or const instead                                      no-var
   51:98320   warning  Expected an assignment or function call and instead saw an expression         no-unused-expressions
   51:98411   error    Unexpected var, use let or const instead                                      no-var
   51:98473   error    Unexpected var, use let or const instead                                      no-var
   51:98511   error    Unexpected var, use let or const instead                                      no-var
   51:98551   warning  Expected an assignment or function call and instead saw an expression         no-unused-expressions
   51:98572   error    Unexpected var, use let or const instead                                      no-var
   51:98678   error    Unexpected var, use let or const instead                                      no-var
   51:98711   error    Unexpected var, use let or const instead                                      no-var
   51:98788   warning  Expected an assignment or function call and instead saw an expression         no-unused-expressions
   51:98917   error    Unexpected var, use let or const instead                                      no-var
   51:98979   error    Unexpected var, use let or const instead                                      no-var
   51:99025   warning  Expected an assignment or function call and instead saw an expression         no-unused-expressions
   51:99114   error    Unexpected var, use let or const instead                                      no-var
   51:99212   warning  Expected an assignment or function call and instead saw an expression         no-unused-expressions
   51:99368   error    Unexpected var, use let or const instead                                      no-var
   51:99523   warning  Expected an assignment or function call and instead saw an expression         no-unused-expressions
   51:99622   error    Unexpected var, use let or const instead                                      no-var
   51:99640   warning  Expected an assignment or function call and instead saw an expression         no-unused-expressions
   51:100065  warning  Expected an assignment or function call and instead saw an expression         no-unused-expressions
   51:100147  error    Unexpected var, use let or const instead                                      no-var
   51:100175  warning  Expected an assignment or function call and instead saw an expression         no-unused-expressions
   51:100543  warning  Expected an assignment or function call and instead saw an expression         no-unused-expressions
   51:100584  error    Unexpected var, use let or const instead                                      no-var
   51:100612  warning  Expected an assignment or function call and instead saw an expression         no-unused-expressions
   51:100773  warning  Expected an assignment or function call and instead saw an expression         no-unused-expressions
   51:100810  error    Unexpected var, use let or const instead                                      no-var
   51:100854  error    Unexpected var, use let or const instead                                      no-var
   51:100920  warning  Expected an assignment or function call and instead saw an expression         no-unused-expressions
   51:100973  error    Unexpected var, use let or const instead                                      no-var
   51:101126  error    Unexpected var, use let or const instead                                      no-var
   51:101184  error    Unexpected var, use let or const instead                                      no-var
   51:101307  error    Unexpected var, use let or const instead                                      no-var
   51:101362  warning  Expected an assignment or function call and instead saw an expression         no-unused-expressions
   51:101390  warning  'e' is defined but never used. Allowed unused caught errors must match /^_/u  no-unused-vars
   51:101408  error    Unexpected var, use let or const instead                                      no-var
   51:101459  error    Unexpected var, use let or const instead                                      no-var
   51:101606  warning  Expected an assignment or function call and instead saw an expression         no-unused-expressions
   51:101933  warning  Expected an assignment or function call and instead saw an expression         no-unused-expressions
   51:102232  warning  Expected an assignment or function call and instead saw an expression         no-unused-expressions
   51:102299  error    Unexpected var, use let or const instead                                      no-var
   51:102318  warning  Expected an assignment or function call and instead saw an expression         no-unused-expressions
   51:102669  warning  Expected an assignment or function call and instead saw an expression         no-unused-expressions
   51:102730  error    Unexpected var, use let or const instead                                      no-var
   51:102781  warning  Expected an assignment or function call and instead saw an expression         no-unused-expressions
   51:102913  error    Unexpected var, use let or const instead                                      no-var
   51:103059  warning  Expected an assignment or function call and instead saw an expression         no-unused-expressions
   51:103325  warning  Expected an assignment or function call and instead saw an expression         no-unused-expressions
   51:103412  warning  Expected an assignment or function call and instead saw an expression         no-unused-expressions
   51:103447  warning  Expected an assignment or function call and instead saw an expression         no-unused-expressions
   51:103605  warning  Expected an assignment or function call and instead saw an expression         no-unused-expressions
   51:103649  error    Unexpected var, use let or const instead                                      no-var
   51:103658  warning  Expected an assignment or function call and instead saw an expression         no-unused-expressions
   51:103776  error    Unexpected var, use let or const instead                                      no-var
   51:103794  warning  Expected an assignment or function call and instead saw an expression         no-unused-expressions
   51:104066  error    Unexpected var, use let or const instead                                      no-var
   51:104127  warning  Expected an assignment or function call and instead saw an expression         no-unused-expressions
   51:104258  warning  'e' is defined but never used. Allowed unused caught errors must match /^_/u  no-unused-vars
   51:104284  warning  Expected an assignment or function call and instead saw an expression         no-unused-expressions
   51:104427  error    Unexpected var, use let or const instead                                      no-var
   51:104441  warning  Expected an assignment or function call and instead saw an expression         no-unused-expressions
   51:104790  warning  Expected an assignment or function call and instead saw an expression         no-unused-expressions
   51:104932  warning  Expected an assignment or function call and instead saw an expression         no-unused-expressions
   51:105034  warning  Expected an assignment or function call and instead saw an expression         no-unused-expressions
   51:105081  warning  Expected an assignment or function call and instead saw an expression         no-unused-expressions
   51:105209  warning  Expected an assignment or function call and instead saw an expression         no-unused-expressions
   51:105648  error    Unexpected var, use let or const instead                                      no-var
   51:105842  error    Unexpected var, use let or const instead                                      no-var
   51:105899  error    Unexpected var, use let or const instead                                      no-var
   51:105955  error    Unexpected var, use let or const instead                                      no-var
   51:105989  error    Unexpected var, use let or const instead                                      no-var
   51:106013  error    Unexpected var, use let or const instead                                      no-var
   51:106091  warning  Expected an assignment or function call and instead saw an expression         no-unused-expressions
   51:106133  warning  Expected an assignment or function call and instead saw an expression         no-unused-expressions
   51:106176  warning  Expected an assignment or function call and instead saw an expression         no-unused-expressions
   51:106263  warning  Expected an assignment or function call and instead saw an expression         no-unused-expressions
   51:106389  warning  Expected an assignment or function call and instead saw an expression         no-unused-expressions
   51:106409  error    Unexpected var, use let or const instead                                      no-var
   51:106438  error    Unexpected var, use let or const instead                                      no-var
   51:106511  warning  Expected an assignment or function call and instead saw an expression         no-unused-expressions
   51:106587  warning  Expected an assignment or function call and instead saw an expression         no-unused-expressions
   51:106794  error    Unexpected var, use let or const instead                                      no-var
   51:106863  error    Unexpected var, use let or const instead                                      no-var
   51:106967  warning  Expected an assignment or function call and instead saw an expression         no-unused-expressions
   51:107039  warning  Expected an assignment or function call and instead saw an expression         no-unused-expressions
   51:107296  error    Unexpected var, use let or const instead                                      no-var
   51:107351  error    Unexpected var, use let or const instead                                      no-var
   51:107652  warning  Expected an assignment or function call and instead saw an expression         no-unused-expressions
   51:108140  warning  Expected an assignment or function call and instead saw an expression         no-unused-expressions
   51:108227  warning  Expected an assignment or function call and instead saw an expression         no-unused-expressions
   51:108335  warning  Expected an assignment or function call and instead saw an expression         no-unused-expressions
   51:108564  warning  Expected an assignment or function call and instead saw an expression         no-unused-expressions
   51:108803  warning  Expected an assignment or function call and instead saw an expression         no-unused-expressions
   51:108971  warning  Expected an assignment or function call and instead saw an expression         no-unused-expressions
   51:109213  warning  Expected an assignment or function call and instead saw an expression         no-unused-expressions
   51:109244  warning  Expected an assignment or function call and instead saw an expression         no-unused-expressions
   51:109323  warning  Expected an assignment or function call and instead saw an expression         no-unused-expressions
   51:109359  warning  Expected an assignment or function call and instead saw an expression         no-unused-expressions
   51:109449  warning  Expected an assignment or function call and instead saw an expression         no-unused-expressions
   51:109505  warning  Expected '!==' and instead saw '!='                                           eqeqeq
   51:109654  error    Unexpected var, use let or const instead                                      no-var
   51:109936  warning  Expected an assignment or function call and instead saw an expression         no-unused-expressions
   51:110058  error    Unexpected var, use let or const instead                                      no-var
   51:110383  error    Unexpected var, use let or const instead                                      no-var
   51:110401  warning  Expected an assignment or function call and instead saw an expression         no-unused-expressions
   51:110540  warning  Expected an assignment or function call and instead saw an expression         no-unused-expressions
   51:110658  warning  Expected an assignment or function call and instead saw an expression         no-unused-expressions
   51:110685  warning  Expected an assignment or function call and instead saw an expression         no-unused-expressions
   51:110739  warning  Expected an assignment or function call and instead saw an expression         no-unused-expressions
   51:110860  error    Unexpected var, use let or const instead                                      no-var
   51:110890  error    Unexpected var, use let or const instead                                      no-var
   51:111002  error    Unexpected var, use let or const instead                                      no-var
   51:111047  error    Unexpected var, use let or const instead                                      no-var
   51:111065  warning  Expected an assignment or function call and instead saw an expression         no-unused-expressions
   51:111135  error    Unexpected var, use let or const instead                                      no-var
   51:111342  error    Unexpected var, use let or const instead                                      no-var
   51:111350  warning  Expected an assignment or function call and instead saw an expression         no-unused-expressions
   51:111478  warning  Expected an assignment or function call and instead saw an expression         no-unused-expressions
   51:111550  error    Unexpected var, use let or const instead                                      no-var
   51:111603  warning  Expected an assignment or function call and instead saw an expression         no-unused-expressions
   51:111654  error    Unexpected var, use let or const instead                                      no-var
   51:111672  warning  Expected an assignment or function call and instead saw an expression         no-unused-expressions
   51:111783  warning  Expected an assignment or function call and instead saw an expression         no-unused-expressions
   51:111954  error    Unexpected var, use let or const instead                                      no-var
   51:112027  warning  Expected an assignment or function call and instead saw an expression         no-unused-expressions
   51:112212  error    Unexpected var, use let or const instead                                      no-var
   51:112234  error    Unexpected var, use let or const instead                                      no-var
   51:112368  warning  Expected an assignment or function call and instead saw an expression         no-unused-expressions
   51:112433  warning  Expected an assignment or function call and instead saw an expression         no-unused-expressions
   51:112520  warning  Expected an assignment or function call and instead saw an expression         no-unused-expressions
   51:112560  warning  Expected an assignment or function call and instead saw an expression         no-unused-expressions
   51:112600  warning  Expected an assignment or function call and instead saw an expression         no-unused-expressions
   51:112717  error    Unexpected var, use let or const instead                                      no-var
   51:112728  warning  Expected an assignment or function call and instead saw an expression         no-unused-expressions
   51:112994  warning  Expected an assignment or function call and instead saw an expression         no-unused-expressions
   51:113187  warning  Expected an assignment or function call and instead saw an expression         no-unused-expressions
   51:113232  error    Unexpected var, use let or const instead                                      no-var
   51:113283  warning  Expected an assignment or function call and instead saw an expression         no-unused-expressions
   51:113373  warning  Expected an assignment or function call and instead saw an expression         no-unused-expressions
   51:113544  warning  Expected an assignment or function call and instead saw an expression         no-unused-expressions
   51:113574  error    Unexpected var, use let or const instead                                      no-var
   51:113782  warning  Expected an assignment or function call and instead saw an expression         no-unused-expressions
   51:113987  warning  Expected an assignment or function call and instead saw an expression         no-unused-expressions
   51:114110  error    Unexpected var, use let or const instead                                      no-var
   51:114177  warning  Expected an assignment or function call and instead saw an expression         no-unused-expressions
   51:114227  error    Unexpected var, use let or const instead                                      no-var
   51:114245  warning  Expected an assignment or function call and instead saw an expression         no-unused-expressions
   51:114382  warning  Expected an assignment or function call and instead saw an expression         no-unused-expressions
   51:114532  error    Unexpected var, use let or const instead                                      no-var
   51:114576  warning  Expected an assignment or function call and instead saw an expression         no-unused-expressions
   51:114624  warning  Expected an assignment or function call and instead saw an expression         no-unused-expressions
   51:114693  error    Unexpected var, use let or const instead                                      no-var
   51:114769  warning  Expected an assignment or function call and instead saw an expression         no-unused-expressions
   51:114832  warning  Expected an assignment or function call and instead saw an expression         no-unused-expressions
   51:114970  error    Unexpected var, use let or const instead                                      no-var
   51:114979  warning  Expected an assignment or function call and instead saw an expression         no-unused-expressions
   51:115041  warning  Expected an assignment or function call and instead saw an expression         no-unused-expressions
   51:115174  error    Unexpected var, use let or const instead                                      no-var
   51:115241  warning  Expected an assignment or function call and instead saw an expression         no-unused-expressions
   51:115304  error    Unexpected var, use let or const instead                                      no-var
   51:115353  error    Unexpected var, use let or const instead                                      no-var
   51:115377  error    Unexpected var, use let or const instead                                      no-var
   51:115388  warning  Expected an assignment or function call and instead saw an expression         no-unused-expressions
   51:115455  warning  Expected an assignment or function call and instead saw an expression         no-unused-expressions
   51:115525  warning  Expected an assignment or function call and instead saw an expression         no-unused-expressions
   51:115611  error    Unexpected var, use let or const instead                                      no-var
   51:115629  warning  Expected an assignment or function call and instead saw an expression         no-unused-expressions
   51:115755  error    Unexpected var, use let or const instead                                      no-var
   51:115804  error    Unexpected var, use let or const instead                                      no-var
   51:115828  error    Unexpected var, use let or const instead                                      no-var
   51:115839  warning  Expected an assignment or function call and instead saw an expression         no-unused-expressions
   51:115924  warning  Expected an assignment or function call and instead saw an expression         no-unused-expressions
   51:115961  warning  Expected an assignment or function call and instead saw an expression         no-unused-expressions
   51:116085  error    Unexpected var, use let or const instead                                      no-var
   51:116224  error    Unexpected var, use let or const instead                                      no-var
   51:116345  warning  Expected an assignment or function call and instead saw an expression         no-unused-expressions
   51:116388  error    Unexpected var, use let or const instead                                      no-var
   51:116465  warning  Expected an assignment or function call and instead saw an expression         no-unused-expressions
   51:116496  error    Unexpected var, use let or const instead                                      no-var
   51:116532  error    Unexpected var, use let or const instead                                      no-var
   51:117038  error    Unexpected var, use let or const instead                                      no-var
   51:117047  warning  Expected an assignment or function call and instead saw an expression         no-unused-expressions
   51:117151  warning  Expected an assignment or function call and instead saw an expression         no-unused-expressions
   51:117363  error    Unexpected var, use let or const instead                                      no-var
   51:117566  error    Unexpected var, use let or const instead                                      no-var
   51:117658  error    Unexpected var, use let or const instead                                      no-var
   51:117671  error    Unexpected var, use let or const instead                                      no-var
   51:117772  warning  Expected an assignment or function call and instead saw an expression         no-unused-expressions
   51:117822  warning  Expected an assignment or function call and instead saw an expression         no-unused-expressions
   51:117917  warning  Expected an assignment or function call and instead saw an expression         no-unused-expressions
   51:118210  warning  Expected an assignment or function call and instead saw an expression         no-unused-expressions
   51:118351  warning  Expected an assignment or function call and instead saw an expression         no-unused-expressions
   51:118618  error    Unexpected var, use let or const instead                                      no-var
   51:118838  error    Unexpected var, use let or const instead                                      no-var
   51:118849  error    Unexpected var, use let or const instead                                      no-var
   51:118956  error    Unexpected var, use let or const instead                                      no-var
   51:118980  error    Unexpected var, use let or const instead                                      no-var
   51:119050  warning  'e' is defined but never used. Allowed unused caught errors must match /^_/u  no-unused-vars
   51:119107  warning  Expected an assignment or function call and instead saw an expression         no-unused-expressions
   51:119219  warning  Expected an assignment or function call and instead saw an expression         no-unused-expressions
   51:119288  warning  Expected an assignment or function call and instead saw an expression         no-unused-expressions
   51:119384  error    Unexpected var, use let or const instead                                      no-var
   51:119398  error    Unexpected var, use let or const instead                                      no-var
   51:119420  warning  Expected an assignment or function call and instead saw an expression         no-unused-expressions
   51:119533  error    Unexpected var, use let or const instead                                      no-var
   51:119554  warning  Expected an assignment or function call and instead saw an expression         no-unused-expressions
   51:119607  warning  Expected an assignment or function call and instead saw an expression         no-unused-expressions
   51:119662  error    Unexpected var, use let or const instead                                      no-var
   51:119684  warning  Expected an assignment or function call and instead saw an expression         no-unused-expressions
   51:119918  error    Unexpected var, use let or const instead                                      no-var
   51:119983  error    Unexpected var, use let or const instead                                      no-var
   51:120005  warning  Expected an assignment or function call and instead saw an expression         no-unused-expressions
   51:120055  warning  Expected an assignment or function call and instead saw an expression         no-unused-expressions
   51:120251  error    Unexpected var, use let or const instead                                      no-var
   51:120374  error    Unexpected var, use let or const instead                                      no-var
   51:120426  error    Unexpected var, use let or const instead                                      no-var
   51:120466  warning  Expected an assignment or function call and instead saw an expression         no-unused-expressions
   51:120601  error    Unexpected var, use let or const instead                                      no-var
   51:120616  error    Unexpected var, use let or const instead                                      no-var
   51:120634  warning  Expected an assignment or function call and instead saw an expression         no-unused-expressions
   51:120673  error    Unexpected var, use let or const instead                                      no-var
   51:120717  error    Unexpected var, use let or const instead                                      no-var
   51:120749  warning  Expected an assignment or function call and instead saw an expression         no-unused-expressions
   51:120820  error    Unexpected var, use let or const instead                                      no-var
   51:120890  warning  Expected an assignment or function call and instead saw an expression         no-unused-expressions
   51:120921  warning  Expected an assignment or function call and instead saw an expression         no-unused-expressions
   51:121103  error    Unexpected var, use let or const instead                                      no-var
   51:121118  error    Unexpected var, use let or const instead                                      no-var
   51:121136  warning  Expected an assignment or function call and instead saw an expression         no-unused-expressions
   51:121232  error    Unexpected var, use let or const instead                                      no-var
   51:121261  warning  Expected an assignment or function call and instead saw an expression         no-unused-expressions
   51:121316  warning  Expected an assignment or function call and instead saw an expression         no-unused-expressions
   51:121341  warning  Expected an assignment or function call and instead saw an expression         no-unused-expressions
   51:121354  warning  Expected an assignment or function call and instead saw an expression         no-unused-expressions
   51:121459  warning  Expected an assignment or function call and instead saw an expression         no-unused-expressions
   51:121526  error    Unexpected var, use let or const instead                                      no-var
   51:121594  error    Unexpected var, use let or const instead                                      no-var
   51:121636  warning  Expected an assignment or function call and instead saw an expression         no-unused-expressions
   51:121649  error    Unexpected var, use let or const instead                                      no-var
   51:121687  error    Unexpected var, use let or const instead                                      no-var
   51:121702  warning  Expected an assignment or function call and instead saw an expression         no-unused-expressions
   51:121741  warning  Expected an assignment or function call and instead saw an expression         no-unused-expressions
   51:121779  warning  Expected an assignment or function call and instead saw an expression         no-unused-expressions
   51:121817  warning  Expected an assignment or function call and instead saw an expression         no-unused-expressions
   51:122021  error    Unexpected var, use let or const instead                                      no-var
   51:122048  warning  Expected an assignment or function call and instead saw an expression         no-unused-expressions
   51:122114  error    Unexpected var, use let or const instead                                      no-var
   51:122296  warning  Expected an assignment or function call and instead saw an expression         no-unused-expressions
   51:122329  warning  Expected an assignment or function call and instead saw an expression         no-unused-expressions
   51:122401  warning  Expected an assignment or function call and instead saw an expression         no-unused-expressions
   51:122431  error    Unexpected var, use let or const instead                                      no-var
   51:122598  warning  Expected an assignment or function call and instead saw an expression         no-unused-expressions
   51:122774  error    Unexpected var, use let or const instead                                      no-var
   51:122834  error    Unexpected var, use let or const instead                                      no-var
   51:122991  error    Unexpected var, use let or const instead                                      no-var
   51:123201  warning  Expected an assignment or function call and instead saw an expression         no-unused-expressions
   51:123677  warning  Expected an assignment or function call and instead saw an expression         no-unused-expressions
   51:123735  warning  Expected an assignment or function call and instead saw an expression         no-unused-expressions
   51:123753  warning  Expected an assignment or function call and instead saw an expression         no-unused-expressions
   51:123804  error    Unexpected var, use let or const instead                                      no-var
   51:123866  warning  Expected an assignment or function call and instead saw an expression         no-unused-expressions
   51:123881  error    Unexpected var, use let or const instead                                      no-var
   51:123897  error    Unexpected var, use let or const instead                                      no-var
   51:123924  error    Unexpected var, use let or const instead                                      no-var
   51:124079  error    Unexpected var, use let or const instead                                      no-var
   51:124143  warning  Expected an assignment or function call and instead saw an expression         no-unused-expressions
   51:124209  error    Unexpected var, use let or const instead                                      no-var
   51:124287  error    Unexpected var, use let or const instead                                      no-var
   51:124392  warning  Expected an assignment or function call and instead saw an expression         no-unused-expressions
   51:124422  error    Unexpected var, use let or const instead                                      no-var
   51:124573  error    Unexpected var, use let or const instead                                      no-var
   51:124595  warning  Expected an assignment or function call and instead saw an expression         no-unused-expressions
   51:124895  error    Unexpected var, use let or const instead                                      no-var
   51:124906  warning  Expected an assignment or function call and instead saw an expression         no-unused-expressions
   51:124961  warning  Expected an assignment or function call and instead saw an expression         no-unused-expressions
   51:124988  warning  Expected an assignment or function call and instead saw an expression         no-unused-expressions
   51:125006  warning  Expected an assignment or function call and instead saw an expression         no-unused-expressions
   51:125054  error    Unexpected var, use let or const instead                                      no-var
   51:125114  warning  Expected an assignment or function call and instead saw an expression         no-unused-expressions
   51:125129  error    Unexpected var, use let or const instead                                      no-var
   51:125145  error    Unexpected var, use let or const instead                                      no-var
   51:125192  warning  Expected an assignment or function call and instead saw an expression         no-unused-expressions
   51:125249  warning  Expected an assignment or function call and instead saw an expression         no-unused-expressions
   51:125259  error    Unexpected var, use let or const instead                                      no-var
   51:125283  warning  Expected an assignment or function call and instead saw an expression         no-unused-expressions
   51:125363  error    Unexpected var, use let or const instead                                      no-var
   51:125536  warning  'e' is defined but never used. Allowed unused caught errors must match /^_/u  no-unused-vars
   51:125553  warning  Expected an assignment or function call and instead saw an expression         no-unused-expressions
   51:125588  error    Unexpected var, use let or const instead                                      no-var
   51:125635  error    Unexpected var, use let or const instead                                      no-var
   51:125691  warning  Expected an assignment or function call and instead saw an expression         no-unused-expressions
   51:125704  warning  Expected an assignment or function call and instead saw an expression         no-unused-expressions
   51:125809  warning  Expected an assignment or function call and instead saw an expression         no-unused-expressions
   51:125966  error    Unexpected var, use let or const instead                                      no-var
   51:125985  error    Unexpected var, use let or const instead                                      no-var
   51:126014  warning  Expected an assignment or function call and instead saw an expression         no-unused-expressions
   51:126050  error    Unexpected var, use let or const instead                                      no-var
   51:126113  error    Unexpected var, use let or const instead                                      no-var
   51:126268  warning  'e' is defined but never used. Allowed unused caught errors must match /^_/u  no-unused-vars
   51:126289  warning  Expected an assignment or function call and instead saw an expression         no-unused-expressions
   51:126329  warning  Expected an assignment or function call and instead saw an expression         no-unused-expressions
   51:126504  error    Unexpected var, use let or const instead                                      no-var
   51:126642  warning  Expected an assignment or function call and instead saw an expression         no-unused-expressions
   51:126746  error    Unexpected var, use let or const instead                                      no-var
   51:126798  error    Unexpected var, use let or const instead                                      no-var
   51:126828  warning  Expected an assignment or function call and instead saw an expression         no-unused-expressions
   51:126874  warning  Expected an assignment or function call and instead saw an expression         no-unused-expressions
   51:126954  error    Unexpected var, use let or const instead                                      no-var
   51:126972  warning  Expected an assignment or function call and instead saw an expression         no-unused-expressions
   51:127176  warning  Expected an assignment or function call and instead saw an expression         no-unused-expressions
   51:127243  error    Unexpected var, use let or const instead                                      no-var
   51:127269  warning  Expected an assignment or function call and instead saw an expression         no-unused-expressions
   51:127320  error    Unexpected var, use let or const instead                                      no-var
   51:127358  error    Unexpected var, use let or const instead                                      no-var
   51:127522  warning  Expected an assignment or function call and instead saw an expression         no-unused-expressions
   51:127552  error    Unexpected var, use let or const instead                                      no-var
   51:127610  warning  Expected an assignment or function call and instead saw an expression         no-unused-expressions
   51:127697  warning  Expected an assignment or function call and instead saw an expression         no-unused-expressions
   51:127762  error    Unexpected var, use let or const instead                                      no-var
   51:127803  error    Unexpected var, use let or const instead                                      no-var
   51:127833  error    Unexpected var, use let or const instead                                      no-var
   51:127846  error    Unexpected var, use let or const instead                                      no-var
   51:127885  warning  Expected an assignment or function call and instead saw an expression         no-unused-expressions
   51:127957  warning  Expected an assignment or function call and instead saw an expression         no-unused-expressions
   51:127984  warning  Expected an assignment or function call and instead saw an expression         no-unused-expressions
   51:128159  error    Unexpected var, use let or const instead                                      no-var
   51:128192  error    Unexpected var, use let or const instead                                      no-var
   51:128226  error    Unexpected var, use let or const instead                                      no-var
   51:128249  warning  Expected an assignment or function call and instead saw an expression         no-unused-expressions
   51:128341  warning  Expected an assignment or function call and instead saw an expression         no-unused-expressions
   51:128402  error    Unexpected var, use let or const instead                                      no-var
   51:128494  error    Unexpected var, use let or const instead                                      no-var
   51:128523  warning  Expected an assignment or function call and instead saw an expression         no-unused-expressions
   51:129236  error    Unexpected var, use let or const instead                                      no-var
   51:129297  error    Unexpected var, use let or const instead                                      no-var
   51:129552  error    Unexpected var, use let or const instead                                      no-var
   51:129561  warning  Expected an assignment or function call and instead saw an expression         no-unused-expressions
   51:129744  error    Unexpected var, use let or const instead                                      no-var
   51:129999  error    Unexpected var, use let or const instead                                      no-var
   51:130044  warning  Expected an assignment or function call and instead saw an expression         no-unused-expressions
   51:130136  error    Unexpected var, use let or const instead                                      no-var
   51:130273  error    Unexpected var, use let or const instead                                      no-var
   51:130368  warning  Expected an assignment or function call and instead saw an expression         no-unused-expressions
   51:130520  error    Unexpected var, use let or const instead                                      no-var
   51:130548  error    Unexpected var, use let or const instead                                      no-var
   51:130622  warning  Expected an assignment or function call and instead saw an expression         no-unused-expressions
   51:131640  error    Unexpected var, use let or const instead                                      no-var
   51:132009  error    Unexpected var, use let or const instead                                      no-var
   51:132033  error    Unexpected var, use let or const instead                                      no-var
   51:132071  error    Unexpected var, use let or const instead                                      no-var
   51:132093  error    Unexpected var, use let or const instead                                      no-var
   51:132120  error    Unexpected var, use let or const instead                                      no-var
   51:132218  warning  Expected an assignment or function call and instead saw an expression         no-unused-expressions
   51:132264  warning  Expected an assignment or function call and instead saw an expression         no-unused-expressions
   51:132412  warning  Expected an assignment or function call and instead saw an expression         no-unused-expressions
   51:132458  warning  Expected an assignment or function call and instead saw an expression         no-unused-expressions
   51:132503  error    Unexpected var, use let or const instead                                      no-var
   51:132545  error    Unexpected var, use let or const instead                                      no-var
   51:132564  warning  Expected an assignment or function call and instead saw an expression         no-unused-expressions
   51:132617  error    Unexpected var, use let or const instead                                      no-var
   51:132625  warning  Expected an assignment or function call and instead saw an expression         no-unused-expressions
   51:132647  error    Unexpected var, use let or const instead                                      no-var
   51:132734  warning  Expected an assignment or function call and instead saw an expression         no-unused-expressions
   51:132766  warning  Expected an assignment or function call and instead saw an expression         no-unused-expressions
   51:132826  error    Unexpected var, use let or const instead                                      no-var
   51:132865  warning  Expected an assignment or function call and instead saw an expression         no-unused-expressions
   51:132963  error    Unexpected var, use let or const instead                                      no-var
   51:133009  warning  Expected an assignment or function call and instead saw an expression         no-unused-expressions
   51:133283  error    Unexpected var, use let or const instead                                      no-var
   51:133345  error    Unexpected var, use let or const instead                                      no-var
   51:133374  error    Unexpected var, use let or const instead                                      no-var
   51:133456  error    Unexpected var, use let or const instead                                      no-var
   51:133677  error    Unexpected var, use let or const instead                                      no-var
   51:133701  error    Unexpected var, use let or const instead                                      no-var
   51:133732  error    Unexpected var, use let or const instead                                      no-var
   51:133842  warning  Expected an assignment or function call and instead saw an expression         no-unused-expressions
   51:133878  warning  Expected an assignment or function call and instead saw an expression         no-unused-expressions
   51:134681  error    Unexpected var, use let or const instead                                      no-var
   51:134774  error    Unexpected var, use let or const instead                                      no-var
   51:134795  error    Unexpected var, use let or const instead                                      no-var
   51:134927  warning  Expected an assignment or function call and instead saw an expression         no-unused-expressions
   51:135744  error    Unexpected var, use let or const instead                                      no-var
   51:135777  warning  Expected an assignment or function call and instead saw an expression         no-unused-expressions
   51:135800  warning  Expected an assignment or function call and instead saw an expression         no-unused-expressions
   51:135871  warning  Expected an assignment or function call and instead saw an expression         no-unused-expressions
   51:135904  warning  Expected an assignment or function call and instead saw an expression         no-unused-expressions
   51:136066  error    Unexpected var, use let or const instead                                      no-var
   51:136110  error    Unexpected var, use let or const instead                                      no-var
   51:136123  warning  Expected an assignment or function call and instead saw an expression         no-unused-expressions
   51:136410  warning  Expected an assignment or function call and instead saw an expression         no-unused-expressions
   51:136582  warning  Expected an assignment or function call and instead saw an expression         no-unused-expressions
   51:136674  error    Unexpected var, use let or const instead                                      no-var
   51:136722  error    Unexpected var, use let or const instead                                      no-var
   51:136877  warning  Expected an assignment or function call and instead saw an expression         no-unused-expressions
   51:136969  warning  Expected an assignment or function call and instead saw an expression         no-unused-expressions
   51:137493  error    Unexpected var, use let or const instead                                      no-var
   51:137527  error    Unexpected var, use let or const instead                                      no-var
   51:137838  error    Unexpected var, use let or const instead                                      no-var
   51:137880  error    Unexpected var, use let or const instead                                      no-var
   51:137949  warning  Expected an assignment or function call and instead saw an expression         no-unused-expressions
   51:138125  error    Unexpected var, use let or const instead                                      no-var
   51:138334  warning  Expected an assignment or function call and instead saw an expression         no-unused-expressions
   51:138883  warning  Expected an assignment or function call and instead saw an expression         no-unused-expressions
   51:139671  warning  Expected an assignment or function call and instead saw an expression         no-unused-expressions
   51:140462  warning  Expected an assignment or function call and instead saw an expression         no-unused-expressions
   51:140696  warning  Expected an assignment or function call and instead saw an expression         no-unused-expressions
   51:141166  warning  Expected an assignment or function call and instead saw an expression         no-unused-expressions
   51:141287  warning  Expected an assignment or function call and instead saw an expression         no-unused-expressions
   51:141464  warning  Expected an assignment or function call and instead saw an expression         no-unused-expressions
   51:141604  warning  Expected an assignment or function call and instead saw an expression         no-unused-expressions
   51:141725  warning  Expected an assignment or function call and instead saw an expression         no-unused-expressions
   51:142905  warning  Expected an assignment or function call and instead saw an expression         no-unused-expressions
   51:143273  warning  Expected an assignment or function call and instead saw an expression         no-unused-expressions
   51:143777  warning  Expected an assignment or function call and instead saw an expression         no-unused-expressions
   51:143804  error    Unexpected var, use let or const instead                                      no-var
   51:143855  error    Unexpected var, use let or const instead                                      no-var
   51:144134  error    Unexpected var, use let or const instead                                      no-var
   51:144200  error    Unexpected var, use let or const instead                                      no-var
   51:145280  warning  Expected an assignment or function call and instead saw an expression         no-unused-expressions
   51:145474  warning  Expected an assignment or function call and instead saw an expression         no-unused-expressions
   51:145578  warning  Expected an assignment or function call and instead saw an expression         no-unused-expressions
   51:146182  error    Unexpected var, use let or const instead                                      no-var
   51:146247  error    Unexpected var, use let or const instead                                      no-var
   51:146408  error    Unexpected var, use let or const instead                                      no-var
   51:146420  error    Unexpected var, use let or const instead                                      no-var
   51:147187  warning  Expected '!==' and instead saw '!='                                           eqeqeq
   51:147693  error    Unexpected var, use let or const instead                                      no-var
   51:148170  error    Unexpected var, use let or const instead                                      no-var
   51:148181  warning  Expected an assignment or function call and instead saw an expression         no-unused-expressions
   51:148481  error    Unexpected var, use let or const instead                                      no-var
   51:148492  warning  Expected an assignment or function call and instead saw an expression         no-unused-expressions
   51:148586  warning  Expected an assignment or function call and instead saw an expression         no-unused-expressions
   51:148681  error    Unexpected var, use let or const instead                                      no-var
   51:148692  warning  Expected an assignment or function call and instead saw an expression         no-unused-expressions
   51:148781  warning  Expected an assignment or function call and instead saw an expression         no-unused-expressions
   51:149059  error    Unexpected var, use let or const instead                                      no-var
   51:149134  error    Unexpected var, use let or const instead                                      no-var
   51:149254  error    Unexpected var, use let or const instead                                      no-var
   51:149292  error    Unexpected var, use let or const instead                                      no-var
   51:149538  error    Unexpected var, use let or const instead                                      no-var
   51:150137  error    Unexpected var, use let or const instead                                      no-var
   51:150163  error    Unexpected var, use let or const instead                                      no-var
   51:150243  error    Unexpected var, use let or const instead                                      no-var
   51:150616  error    Unexpected var, use let or const instead                                      no-var
   51:150631  error    Unexpected var, use let or const instead                                      no-var
   51:150934  error    Unexpected var, use let or const instead                                      no-var
   51:150957  error    Unexpected var, use let or const instead                                      no-var
   51:150990  warning  Expected an assignment or function call and instead saw an expression         no-unused-expressions
   51:151171  error    Unexpected var, use let or const instead                                      no-var
   51:151186  error    Unexpected var, use let or const instead                                      no-var
   51:151611  error    Unexpected var, use let or const instead                                      no-var
   51:151676  error    Unexpected var, use let or const instead                                      no-var
   51:151752  warning  Expected an assignment or function call and instead saw an expression         no-unused-expressions
   51:151926  error    Unexpected var, use let or const instead                                      no-var
   51:152844  error    Unexpected var, use let or const instead                                      no-var
   51:153505  error    Unexpected var, use let or const instead                                      no-var
   51:153617  error    Unexpected var, use let or const instead                                      no-var
   51:153634  warning  Expected an assignment or function call and instead saw an expression         no-unused-expressions
   51:153683  warning  Expected an assignment or function call and instead saw an expression         no-unused-expressions
   51:153786  error    Unexpected var, use let or const instead                                      no-var
   51:153963  error    Unexpected var, use let or const instead                                      no-var
   51:154010  error    Unexpected var, use let or const instead                                      no-var
   51:154041  error    Unexpected var, use let or const instead                                      no-var
   51:154238  error    Unexpected var, use let or const instead                                      no-var
   51:154269  error    Unexpected var, use let or const instead                                      no-var
   51:154676  error    Unexpected var, use let or const instead                                      no-var
   51:154739  error    Unexpected var, use let or const instead                                      no-var
   51:154868  error    Unexpected var, use let or const instead                                      no-var
   51:154897  error    Unexpected var, use let or const instead                                      no-var
   51:154944  error    Unexpected var, use let or const instead                                      no-var
   51:154956  warning  Expected an assignment or function call and instead saw an expression         no-unused-expressions
   51:155022  warning  Expected an assignment or function call and instead saw an expression         no-unused-expressions
   51:155073  warning  Expected an assignment or function call and instead saw an expression         no-unused-expressions
   51:155135  error    Unexpected var, use let or const instead                                      no-var
   51:155156  error    Unexpected var, use let or const instead                                      no-var
   51:155200  warning  Expected an assignment or function call and instead saw an expression         no-unused-expressions
   51:155373  error    Unexpected var, use let or const instead                                      no-var
   51:155438  warning  Expected an assignment or function call and instead saw an expression         no-unused-expressions
   51:155734  error    Unexpected var, use let or const instead                                      no-var
   51:155752  error    Unexpected var, use let or const instead                                      no-var
   51:156224  warning  Expected an assignment or function call and instead saw an expression         no-unused-expressions
   51:156320  error    Unexpected var, use let or const instead                                      no-var
   51:156338  error    Unexpected var, use let or const instead                                      no-var
   51:156386  warning  Expected an assignment or function call and instead saw an expression         no-unused-expressions
   51:156628  error    Unexpected var, use let or const instead                                      no-var
   51:156646  error    Unexpected var, use let or const instead                                      no-var
   51:156697  error    Unexpected var, use let or const instead                                      no-var
   51:156719  error    Unexpected var, use let or const instead                                      no-var
   51:156795  warning  Expected an assignment or function call and instead saw an expression         no-unused-expressions
   51:156871  error    Unexpected var, use let or const instead                                      no-var
   51:156903  warning  Expected an assignment or function call and instead saw an expression         no-unused-expressions
   51:156955  warning  Expected an assignment or function call and instead saw an expression         no-unused-expressions
   51:157108  warning  Expected an assignment or function call and instead saw an expression         no-unused-expressions
   51:157197  error    Unexpected var, use let or const instead                                      no-var
   51:157215  error    Unexpected var, use let or const instead                                      no-var
   51:157263  warning  Expected an assignment or function call and instead saw an expression         no-unused-expressions
   51:157490  error    Unexpected var, use let or const instead                                      no-var
   51:157559  error    Unexpected var, use let or const instead                                      no-var
   51:157597  error    Unexpected var, use let or const instead                                      no-var
   51:157609  warning  Expected an assignment or function call and instead saw an expression         no-unused-expressions
   51:157866  error    Unexpected var, use let or const instead                                      no-var
   51:158319  error    Unexpected var, use let or const instead                                      no-var
   51:159737  error    Unexpected var, use let or const instead                                      no-var
   51:159830  error    Unexpected var, use let or const instead                                      no-var
   51:160059  error    Unexpected var, use let or const instead                                      no-var
   51:160140  warning  Expected an assignment or function call and instead saw an expression         no-unused-expressions
   51:160220  error    Unexpected var, use let or const instead                                      no-var
   51:160266  warning  Expected an assignment or function call and instead saw an expression         no-unused-expressions
   51:160643  warning  Expected an assignment or function call and instead saw an expression         no-unused-expressions
   51:160784  error    Unexpected var, use let or const instead                                      no-var
   51:160929  error    Unexpected var, use let or const instead                                      no-var
   51:160992  warning  Expected an assignment or function call and instead saw an expression         no-unused-expressions
   51:161111  warning  Expected an assignment or function call and instead saw an expression         no-unused-expressions
   51:161272  warning  Expected an assignment or function call and instead saw an expression         no-unused-expressions
   51:161428  error    Unexpected var, use let or const instead                                      no-var
   51:161473  error    Unexpected var, use let or const instead                                      no-var
   51:161515  warning  Expected an assignment or function call and instead saw an expression         no-unused-expressions
   51:161644  error    Unexpected var, use let or const instead                                      no-var
   51:161772  error    Unexpected var, use let or const instead                                      no-var
   51:161806  error    Unexpected var, use let or const instead                                      no-var
   51:161821  warning  Expected an assignment or function call and instead saw an expression         no-unused-expressions
   51:162714  error    Unexpected var, use let or const instead                                      no-var
   51:162912  warning  Expected an assignment or function call and instead saw an expression         no-unused-expressions
   51:162994  error    Unexpected var, use let or const instead                                      no-var
   51:163002  warning  Expected an assignment or function call and instead saw an expression         no-unused-expressions
   51:163033  warning  Expected an assignment or function call and instead saw an expression         no-unused-expressions
   51:163086  warning  Expected an assignment or function call and instead saw an expression         no-unused-expressions
   51:163283  error    Unexpected var, use let or const instead                                      no-var
   51:163400  error    Unexpected var, use let or const instead                                      no-var
   51:163479  error    Unexpected var, use let or const instead                                      no-var
   51:163497  warning  Expected an assignment or function call and instead saw an expression         no-unused-expressions
   51:163565  error    Unexpected var, use let or const instead                                      no-var
   51:163681  error    Unexpected var, use let or const instead                                      no-var
   51:163699  warning  Expected an assignment or function call and instead saw an expression         no-unused-expressions
   51:163780  warning  Expected an assignment or function call and instead saw an expression         no-unused-expressions
   51:163996  error    Unexpected var, use let or const instead                                      no-var
   51:164017  warning  Expected an assignment or function call and instead saw an expression         no-unused-expressions
   51:164042  error    Unexpected var, use let or const instead                                      no-var
   51:164071  warning  Expected an assignment or function call and instead saw an expression         no-unused-expressions
   51:164210  error    Unexpected var, use let or const instead                                      no-var
   51:164231  error    Unexpected var, use let or const instead                                      no-var
   51:164254  warning  Expected an assignment or function call and instead saw an expression         no-unused-expressions
   51:164280  error    Unexpected var, use let or const instead                                      no-var
   51:164373  error    Unexpected var, use let or const instead                                      no-var
   51:164384  warning  Expected an assignment or function call and instead saw an expression         no-unused-expressions
   51:164495  warning  Expected an assignment or function call and instead saw an expression         no-unused-expressions
   51:164800  error    Unexpected var, use let or const instead                                      no-var
   51:164927  warning  Expected an assignment or function call and instead saw an expression         no-unused-expressions
   51:165893  warning  Expected an assignment or function call and instead saw an expression         no-unused-expressions
   51:166137  error    Unexpected var, use let or const instead                                      no-var
   51:166200  warning  Expected an assignment or function call and instead saw an expression         no-unused-expressions
   51:166275  error    Unexpected var, use let or const instead                                      no-var
   51:166296  warning  Expected an assignment or function call and instead saw an expression         no-unused-expressions
   51:166381  error    Unexpected var, use let or const instead                                      no-var
   51:166408  warning  Expected an assignment or function call and instead saw an expression         no-unused-expressions
   51:166437  error    Unexpected var, use let or const instead                                      no-var
   51:166468  error    Unexpected var, use let or const instead                                      no-var
   51:166487  error    Unexpected var, use let or const instead                                      no-var
   51:166501  warning  Expected an assignment or function call and instead saw an expression         no-unused-expressions
   51:166527  warning  Expected an assignment or function call and instead saw an expression         no-unused-expressions
   51:166561  error    Unexpected var, use let or const instead                                      no-var
   51:166580  error    Unexpected var, use let or const instead                                      no-var
   51:166594  warning  Expected an assignment or function call and instead saw an expression         no-unused-expressions
   51:166620  warning  Expected an assignment or function call and instead saw an expression         no-unused-expressions
   51:166661  error    Unexpected var, use let or const instead                                      no-var
   51:166685  warning  Expected an assignment or function call and instead saw an expression         no-unused-expressions
   51:166805  error    Unexpected var, use let or const instead                                      no-var
   51:166905  error    Unexpected var, use let or const instead                                      no-var
   51:166940  error    Unexpected var, use let or const instead                                      no-var
   51:166994  error    Unexpected var, use let or const instead                                      no-var
   51:167012  warning  Expected an assignment or function call and instead saw an expression         no-unused-expressions
   51:167040  warning  Expected an assignment or function call and instead saw an expression         no-unused-expressions
   51:167101  warning  Expected an assignment or function call and instead saw an expression         no-unused-expressions
   51:167283  error    Unexpected var, use let or const instead                                      no-var
   51:167339  error    Unexpected var, use let or const instead                                      no-var
   51:167374  error    Unexpected var, use let or const instead                                      no-var
   51:168930  error    Unexpected var, use let or const instead                                      no-var
   51:170008  error    Unexpected var, use let or const instead                                      no-var
   51:170188  error    Unexpected var, use let or const instead                                      no-var
   51:170220  error    Unexpected var, use let or const instead                                      no-var
   51:170629  error    Unexpected var, use let or const instead                                      no-var
   51:170667  error    Unexpected var, use let or const instead                                      no-var
   51:170751  error    Unexpected var, use let or const instead                                      no-var
   51:170800  warning  Expected an assignment or function call and instead saw an expression         no-unused-expressions
   51:170910  warning  Expected an assignment or function call and instead saw an expression         no-unused-expressions
   51:171050  warning  Expected an assignment or function call and instead saw an expression         no-unused-expressions
   51:171156  error    Unexpected var, use let or const instead                                      no-var
   51:171183  warning  Expected an assignment or function call and instead saw an expression         no-unused-expressions
   51:171284  error    Unexpected var, use let or const instead                                      no-var
   51:171309  error    Unexpected var, use let or const instead                                      no-var
   51:171397  error    Unexpected var, use let or const instead                                      no-var
   51:171409  warning  Expected an assignment or function call and instead saw an expression         no-unused-expressions
   51:171543  warning  Expected an assignment or function call and instead saw an expression         no-unused-expressions
   51:171635  error    Unexpected var, use let or const instead                                      no-var
   51:171660  error    Unexpected var, use let or const instead                                      no-var
   51:171754  warning  Expected an assignment or function call and instead saw an expression         no-unused-expressions
   51:171868  error    Unexpected var, use let or const instead                                      no-var
   51:171946  error    Unexpected var, use let or const instead                                      no-var
   51:172075  warning  Expected an assignment or function call and instead saw an expression         no-unused-expressions
   51:172335  warning  Expected an assignment or function call and instead saw an expression         no-unused-expressions
   51:172422  error    Unexpected var, use let or const instead                                      no-var
   51:172591  error    Unexpected var, use let or const instead                                      no-var
   51:172781  warning  Expected an assignment or function call and instead saw an expression         no-unused-expressions
   51:173030  warning  Expected an assignment or function call and instead saw an expression         no-unused-expressions
   51:173082  error    Unexpected var, use let or const instead                                      no-var
   51:173226  error    Unexpected var, use let or const instead                                      no-var
   51:173288  error    Unexpected var, use let or const instead                                      no-var
   51:173310  warning  Expected an assignment or function call and instead saw an expression         no-unused-expressions
   51:173419  error    Unexpected var, use let or const instead                                      no-var
   51:173473  error    Unexpected var, use let or const instead                                      no-var
   51:173523  warning  Expected an assignment or function call and instead saw an expression         no-unused-expressions
   51:173555  error    Unexpected var, use let or const instead                                      no-var
   51:173647  error    Unexpected var, use let or const instead                                      no-var
   51:173850  error    Unexpected var, use let or const instead                                      no-var
   51:174026  error    Unexpected var, use let or const instead                                      no-var
   51:174033  error    '__REACT_DEVTOOLS_GLOBAL_HOOK__' is not defined                               no-undef
   51:174104  warning  Expected an assignment or function call and instead saw an expression         no-unused-expressions
   51:174133  warning  'e' is defined but never used. Allowed unused caught errors must match /^_/u  no-unused-vars
   51:174138  warning  Expected an assignment or function call and instead saw an expression         no-unused-expressions
   51:174194  error    Unexpected var, use let or const instead                                      no-var
   51:174610  error    Unexpected var, use let or const instead                                      no-var
   52:1       error    '__d' is not defined                                                          no-undef
   53:1       error    '__d' is not defined                                                          no-undef
   63:30      error    Unexpected var, use let or const instead                                      no-var
   63:68      error    Unexpected var, use let or const instead                                      no-var
   63:112     warning  Expected an assignment or function call and instead saw an expression         no-unused-expressions
   63:217     error    Unexpected var, use let or const instead                                      no-var
   63:261     error    Unexpected var, use let or const instead                                      no-var
   63:294     error    Unexpected var, use let or const instead                                      no-var
   63:342     warning  Expected an assignment or function call and instead saw an expression         no-unused-expressions
   63:429     warning  Expected an assignment or function call and instead saw an expression         no-unused-expressions
   63:474     error    Unexpected var, use let or const instead                                      no-var
   63:620     error    Unexpected var, use let or const instead                                      no-var
   63:685     error    Unexpected var, use let or const instead                                      no-var
   63:750     error    Unexpected var, use let or const instead                                      no-var
   63:970     error    Unexpected var, use let or const instead                                      no-var
   63:1050    warning  Expected an assignment or function call and instead saw an expression         no-unused-expressions
   63:1144    warning  Expected an assignment or function call and instead saw an expression         no-unused-expressions
   63:1168    error    Unexpected var, use let or const instead                                      no-var
   63:1209    error    Unexpected var, use let or const instead                                      no-var
   63:1306    error    Unexpected var, use let or const instead                                      no-var
   63:1333    error    Unexpected var, use let or const instead                                      no-var
   63:1349    warning  Expected an assignment or function call and instead saw an expression         no-unused-expressions
   63:1379    error    Unexpected var, use let or const instead                                      no-var
   63:1449    error    Unexpected var, use let or const instead                                      no-var
   63:1491    warning  Expected an assignment or function call and instead saw an expression         no-unused-expressions
   63:1525    error    Unexpected var, use let or const instead                                      no-var
   63:1598    warning  Expected an assignment or function call and instead saw an expression         no-unused-expressions
   63:1629    warning  Expected an assignment or function call and instead saw an expression         no-unused-expressions
   63:1688    error    Unexpected var, use let or const instead                                      no-var
   63:1699    warning  Expected an assignment or function call and instead saw an expression         no-unused-expressions
   63:1750    warning  Expected an assignment or function call and instead saw an expression         no-unused-expressions
   63:1766    warning  Unreachable code                                                              no-unreachable
   63:1784    warning  Expected an assignment or function call and instead saw an expression         no-unused-expressions
   63:1884    error    Unexpected var, use let or const instead                                      no-var
   63:1919    warning  Expected an assignment or function call and instead saw an expression         no-unused-expressions
   63:2054    warning  Expected an assignment or function call and instead saw an expression         no-unused-expressions
   63:2317    warning  Expected an assignment or function call and instead saw an expression         no-unused-expressions
   63:2599    error    Unexpected var, use let or const instead                                      no-var
   63:2625    error    Unexpected var, use let or const instead                                      no-var
   63:2811    error    Unexpected var, use let or const instead                                      no-var
   63:2896    error    Unexpected var, use let or const instead                                      no-var
   63:3010    error    Unexpected var, use let or const instead                                      no-var
   63:3388    error    Unexpected var, use let or const instead                                      no-var
   63:3414    error    Unexpected var, use let or const instead                                      no-var
   64:1       error    '__d' is not defined                                                          no-undef
   65:1       error    '__d' is not defined                                                          no-undef
   75:14      error    Unexpected var, use let or const instead                                      no-var
   75:415     error    Unexpected var, use let or const instead                                      no-var
   75:587     warning  Expected an assignment or function call and instead saw an expression         no-unused-expressions
   75:677     warning  Expected an assignment or function call and instead saw an expression         no-unused-expressions
   75:735     warning  Expected an assignment or function call and instead saw an expression         no-unused-expressions
   75:1139    error    Unexpected var, use let or const instead                                      no-var
   75:1163    warning  Expected an assignment or function call and instead saw an expression         no-unused-expressions
   75:1222    error    Unexpected var, use let or const instead                                      no-var
   75:1256    error    Unexpected var, use let or const instead                                      no-var
   75:1344    error    Unexpected var, use let or const instead                                      no-var
   75:1483    error    Unexpected var, use let or const instead                                      no-var
   75:1658    error    Unexpected var, use let or const instead                                      no-var
   75:1850    warning  Expected an assignment or function call and instead saw an expression         no-unused-expressions
   75:1918    warning  Expected an assignment or function call and instead saw an expression         no-unused-expressions
   75:2078    error    Unexpected var, use let or const instead                                      no-var
   75:2134    error    Unexpected var, use let or const instead                                      no-var
   75:2593    error    Unexpected var, use let or const instead                                      no-var
   75:2630    error    Unexpected var, use let or const instead                                      no-var
   75:3229    error    Unexpected var, use let or const instead                                      no-var
   75:3333    error    Unexpected var, use let or const instead                                      no-var
   75:3349    warning  Expected an assignment or function call and instead saw an expression         no-unused-expressions
   75:3374    warning  Expected an assignment or function call and instead saw an expression         no-unused-expressions
   75:3444    warning  Expected an assignment or function call and instead saw an expression         no-unused-expressions
   75:3603    error    Unexpected var, use let or const instead                                      no-var
   75:3730    error    Unexpected var, use let or const instead                                      no-var
   75:4157    error    Unexpected var, use let or const instead                                      no-var
   75:4377    warning  Expected an assignment or function call and instead saw an expression         no-unused-expressions
   75:4863    error    Unexpected var, use let or const instead                                      no-var
   75:5036    error    Unexpected var, use let or const instead                                      no-var
   75:5100    error    Unexpected var, use let or const instead                                      no-var
   75:5390    error    Unexpected var, use let or const instead                                      no-var
   75:5525    error    Unexpected var, use let or const instead                                      no-var
   75:5589    error    Unexpected var, use let or const instead                                      no-var
   75:6041    error    Unexpected var, use let or const instead                                      no-var
   75:6066    error    Unexpected var, use let or const instead                                      no-var
   75:6082    warning  Expected an assignment or function call and instead saw an expression         no-unused-expressions
   75:6190    warning  Expected an assignment or function call and instead saw an expression         no-unused-expressions
   76:1       error    '__d' is not defined                                                          no-undef
   76:42      warning  Expected an assignment or function call and instead saw an expression         no-unused-expressions
   76:131     error    '__REACT_DEVTOOLS_GLOBAL_HOOK__' is not defined                               no-undef
   76:175     error    '__REACT_DEVTOOLS_GLOBAL_HOOK__' is not defined                               no-undef
   77:1       error    '__d' is not defined                                                          no-undef
   87:14      error    Unexpected var, use let or const instead                                      no-var
   87:42      error    Unexpected var, use let or const instead                                      no-var
   87:152     error    Unexpected var, use let or const instead                                      no-var
   87:403     error    Unexpected var, use let or const instead                                      no-var
   87:549     error    Unexpected var, use let or const instead                                      no-var
   87:700     error    Unexpected var, use let or const instead                                      no-var
   87:861     warning  Expected an assignment or function call and instead saw an expression         no-unused-expressions
   87:955     error    Unexpected var, use let or const instead                                      no-var
   87:1142    error    Unexpected var, use let or const instead                                      no-var
   87:1201    warning  Expected an assignment or function call and instead saw an expression         no-unused-expressions
   87:1250    warning  Expected an assignment or function call and instead saw an expression         no-unused-expressions
   87:1492    error    Unexpected var, use let or const instead                                      no-var
   87:1632    warning  Expected an assignment or function call and instead saw an expression         no-unused-expressions
   87:1979    error    Unexpected var, use let or const instead                                      no-var
   87:2261    error    Unexpected var, use let or const instead                                      no-var
   87:2841    error    Unexpected var, use let or const instead                                      no-var
   88:1       error    '__d' is not defined                                                          no-undef
   88:94      warning  Expected an assignment or function call and instead saw an expression         no-unused-expressions
   88:191     error    Unexpected var, use let or const instead                                      no-var
   88:211     error    Unexpected var, use let or const instead                                      no-var
   88:266     warning  Expected an assignment or function call and instead saw an expression         no-unused-expressions
   88:363     error    Unexpected var, use let or const instead                                      no-var
   88:390     error    Unexpected var, use let or const instead                                      no-var
   88:433     warning  Expected an assignment or function call and instead saw an expression         no-unused-expressions
   88:517     warning  Expected an assignment or function call and instead saw an expression         no-unused-expressions
   88:708     error    Unexpected var, use let or const instead                                      no-var
   89:1       error    '__d' is not defined                                                          no-undef
   89:42      warning  Expected an assignment or function call and instead saw an expression         no-unused-expressions
   89:167     error    Unexpected var, use let or const instead                                      no-var
   90:1       error    '__d' is not defined                                                          no-undef
   90:43      warning  Expected an assignment or function call and instead saw an expression         no-unused-expressions
   90:170     error    Unexpected var, use let or const instead                                      no-var
   90:254     error    Unexpected var, use let or const instead                                      no-var
   90:494     error    Unexpected var, use let or const instead                                      no-var
   91:1       error    '__d' is not defined                                                          no-undef
   91:45      warning  Expected an assignment or function call and instead saw an expression         no-unused-expressions
   91:172     error    Unexpected var, use let or const instead                                      no-var
   91:214     error    Unexpected var, use let or const instead                                      no-var
   91:274     error    Unexpected var, use let or const instead                                      no-var
   91:326     warning  Expected an assignment or function call and instead saw an expression         no-unused-expressions
   91:363     error    Unexpected var, use let or const instead                                      no-var
   91:374     warning  Expected an assignment or function call and instead saw an expression         no-unused-expressions
   91:433     error    Unexpected var, use let or const instead                                      no-var
   91:579     error    Unexpected var, use let or const instead                                      no-var
   91:604     error    Unexpected var, use let or const instead                                      no-var
   91:656     error    Unexpected var, use let or const instead                                      no-var
   91:695     error    Unexpected var, use let or const instead                                      no-var
   91:791     error    Unexpected var, use let or const instead                                      no-var
   91:822     error    Unexpected var, use let or const instead                                      no-var
   91:833     warning  Expected an assignment or function call and instead saw an expression         no-unused-expressions
   91:879     error    Unexpected var, use let or const instead                                      no-var
   91:890     warning  Expected an assignment or function call and instead saw an expression         no-unused-expressions
   91:1042    error    Unexpected var, use let or const instead                                      no-var
   91:1182    error    Unexpected var, use let or const instead                                      no-var
   91:1217    error    Unexpected var, use let or const instead                                      no-var
   91:1338    warning  't' is defined but never used. Allowed unused caught errors must match /^_/u  no-unused-vars
   92:1       error    '__d' is not defined                                                          no-undef
   92:95      warning  Expected an assignment or function call and instead saw an expression         no-unused-expressions
   92:222     error    Unexpected var, use let or const instead                                      no-var
   92:310     error    Unexpected var, use let or const instead                                      no-var
   92:449     error    Unexpected var, use let or const instead                                      no-var
   92:549     error    Unexpected var, use let or const instead                                      no-var
   92:695     error    Unexpected var, use let or const instead                                      no-var
   92:770     error    Unexpected var, use let or const instead                                      no-var
   92:819     error    Unexpected var, use let or const instead                                      no-var
   92:956     error    Unexpected var, use let or const instead                                      no-var
   92:975     warning  Expected an assignment or function call and instead saw an expression         no-unused-expressions
   92:1160    error    Unexpected var, use let or const instead                                      no-var
   92:1269    warning  Expected an assignment or function call and instead saw an expression         no-unused-expressions
   92:1382    error    Unexpected var, use let or const instead                                      no-var
   92:1454    error    Unexpected var, use let or const instead                                      no-var
   92:1497    error    Unexpected var, use let or const instead                                      no-var
   92:1769    error    Unexpected var, use let or const instead                                      no-var
   93:1       error    '__d' is not defined                                                          no-undef
   93:80      error    Unexpected var, use let or const instead                                      no-var
   93:93      error    Unexpected var, use let or const instead                                      no-var
   93:185     warning  Expected an assignment or function call and instead saw an expression         no-unused-expressions
   94:1       error    '__d' is not defined                                                          no-undef
   94:95      warning  Expected an assignment or function call and instead saw an expression         no-unused-expressions
   94:167     error    Unexpected var, use let or const instead                                      no-var
   94:207     error    Unexpected var, use let or const instead                                      no-var
   94:250     warning  Expected an assignment or function call and instead saw an expression         no-unused-expressions
   94:296     error    Unexpected var, use let or const instead                                      no-var
   94:325     warning  Expected an assignment or function call and instead saw an expression         no-unused-expressions
   94:400     error    Unexpected var, use let or const instead                                      no-var
   94:423     error    Unexpected var, use let or const instead                                      no-var
   94:449     error    Unexpected var, use let or const instead                                      no-var
   94:486     warning  Expected an assignment or function call and instead saw an expression         no-unused-expressions
   94:527     error    Unexpected var, use let or const instead                                      no-var
   94:550     error    Unexpected var, use let or const instead                                      no-var
   94:620     error    Unexpected var, use let or const instead                                      no-var
   94:674     error    Unexpected var, use let or const instead                                      no-var
   94:742     error    Unexpected var, use let or const instead                                      no-var
   94:778     error    Unexpected var, use let or const instead                                      no-var
   94:812     error    Unexpected var, use let or const instead                                      no-var
   94:830     warning  Expected an assignment or function call and instead saw an expression         no-unused-expressions
   94:844     error    Unexpected var, use let or const instead                                      no-var
   94:882     warning  Expected an assignment or function call and instead saw an expression         no-unused-expressions
   94:963     error    Unexpected var, use let or const instead                                      no-var
   94:1082    error    Unexpected var, use let or const instead                                      no-var
   94:1107    warning  Expected an assignment or function call and instead saw an expression         no-unused-expressions
   94:1134    error    Unexpected var, use let or const instead                                      no-var
   94:1265    error    Unexpected var, use let or const instead                                      no-var
   94:1299    error    Unexpected var, use let or const instead                                      no-var
   94:1390    warning  Expected an assignment or function call and instead saw an expression         no-unused-expressions
   94:1472    error    Unexpected var, use let or const instead                                      no-var
   94:1534    error    Unexpected var, use let or const instead                                      no-var
   94:1604    error    Unexpected var, use let or const instead                                      no-var
   94:1615    warning  Expected an assignment or function call and instead saw an expression         no-unused-expressions
   94:1657    warning  Expected an assignment or function call and instead saw an expression         no-unused-expressions
   94:1694    error    Unexpected var, use let or const instead                                      no-var
   94:1768    error    Unexpected var, use let or const instead                                      no-var
   94:3611    error    Unexpected var, use let or const instead                                      no-var
   94:3703    error    Unexpected var, use let or const instead                                      no-var
   94:3755    error    Unexpected var, use let or const instead                                      no-var
   94:3866    error    Unexpected var, use let or const instead                                      no-var
   94:4037    error    Unexpected var, use let or const instead                                      no-var
   94:4117    error    Unexpected var, use let or const instead                                      no-var
   94:4210    error    Unexpected var, use let or const instead                                      no-var
   94:4303    error    Unexpected var, use let or const instead                                      no-var
   94:4353    error    Unexpected var, use let or const instead                                      no-var
   94:4480    error    Unexpected var, use let or const instead                                      no-var
   94:4537    error    Unexpected var, use let or const instead                                      no-var
   94:4592    error    Unexpected var, use let or const instead                                      no-var
   94:4663    error    Unexpected var, use let or const instead                                      no-var
   94:4841    error    Unexpected var, use let or const instead                                      no-var
   94:5093    error    Unexpected var, use let or const instead                                      no-var
   94:5187    error    Unexpected var, use let or const instead                                      no-var
   94:5212    warning  Expected an assignment or function call and instead saw an expression         no-unused-expressions
   95:1       error    '__d' is not defined                                                          no-undef
   95:95      warning  Expected an assignment or function call and instead saw an expression         no-unused-expressions
   95:222     error    Unexpected var, use let or const instead                                      no-var
   95:2199    error    Unexpected var, use let or const instead                                      no-var
   95:2221    error    Unexpected var, use let or const instead                                      no-var
   95:2284    warning  Expected an assignment or function call and instead saw an expression         no-unused-expressions
   95:2361    warning  Expected an assignment or function call and instead saw an expression         no-unused-expressions
   95:2524    error    Unexpected var, use let or const instead                                      no-var
   95:2546    warning  Expected an assignment or function call and instead saw an expression         no-unused-expressions
   95:2671    warning  Expected an assignment or function call and instead saw an expression         no-unused-expressions
   95:2765    error    Unexpected var, use let or const instead                                      no-var
   95:2800    warning  Expected an assignment or function call and instead saw an expression         no-unused-expressions
   95:3217    error    Unexpected var, use let or const instead                                      no-var
   96:1       error    '__d' is not defined                                                          no-undef
   96:94      warning  Expected an assignment or function call and instead saw an expression         no-unused-expressions
   96:221     error    Unexpected var, use let or const instead                                      no-var
   96:449     error    Unexpected var, use let or const instead                                      no-var
   97:1       error    '__d' is not defined                                                          no-undef
   97:42      warning  Expected an assignment or function call and instead saw an expression         no-unused-expressions
   97:167     error    Unexpected var, use let or const instead                                      no-var
   97:970     error    Unexpected var, use let or const instead                                      no-var
   98:1       error    '__d' is not defined                                                          no-undef
   98:97      warning  Expected an assignment or function call and instead saw an expression         no-unused-expressions
   98:224     error    Unexpected var, use let or const instead                                      no-var
   98:351     error    Unexpected var, use let or const instead                                      no-var
   99:1       error    '__d' is not defined                                                          no-undef
   99:42      warning  Expected an assignment or function call and instead saw an expression         no-unused-expressions
   99:167     error    Unexpected var, use let or const instead                                      no-var
  100:1       error    '__d' is not defined                                                          no-undef
  100:43      warning  Expected an assignment or function call and instead saw an expression         no-unused-expressions
  100:170     error    Unexpected var, use let or const instead                                      no-var
  100:248     error    Unexpected var, use let or const instead                                      no-var
  101:1       error    '__d' is not defined                                                          no-undef
  102:1       error    '__d' is not defined                                                          no-undef
  102:63      error    Unexpected var, use let or const instead                                      no-var
  102:96      warning  Expected an assignment or function call and instead saw an expression         no-unused-expressions
  102:655     warning  Expected an assignment or function call and instead saw an expression         no-unused-expressions
  102:780     error    Unexpected var, use let or const instead                                      no-var
  103:1       error    '__d' is not defined                                                          no-undef
  103:42      warning  Expected an assignment or function call and instead saw an expression         no-unused-expressions
  103:167     error    Unexpected var, use let or const instead                                      no-var
  103:236     error    Unexpected var, use let or const instead                                      no-var
  103:276     error    Unexpected var, use let or const instead                                      no-var
  104:1       error    '__d' is not defined                                                          no-undef
  104:94      warning  Expected an assignment or function call and instead saw an expression         no-unused-expressions
  104:221     error    Unexpected var, use let or const instead                                      no-var
  105:1       error    '__d' is not defined                                                          no-undef
  105:43      warning  Expected an assignment or function call and instead saw an expression         no-unused-expressions
  105:114     error    Unexpected var, use let or const instead                                      no-var
  105:169     error    Unexpected var, use let or const instead                                      no-var
  105:181     error    Unexpected var, use let or const instead                                      no-var
  105:252     error    Unexpected var, use let or const instead                                      no-var
  105:285     error    Unexpected var, use let or const instead                                      no-var
  105:370     error    Unexpected var, use let or const instead                                      no-var
  105:401     warning  Expected an assignment or function call and instead saw an expression         no-unused-expressions
  105:448     error    Unexpected var, use let or const instead                                      no-var
  106:1       error    '__d' is not defined                                                          no-undef
  106:43      warning  Expected an assignment or function call and instead saw an expression         no-unused-expressions
  106:118     error    Unexpected var, use let or const instead                                      no-var
  106:159     error    Unexpected var, use let or const instead                                      no-var
  106:202     error    Unexpected var, use let or const instead                                      no-var
  106:243     error    Unexpected var, use let or const instead                                      no-var
  107:1       error    '__d' is not defined                                                          no-undef
  107:42      warning  Expected an assignment or function call and instead saw an expression         no-unused-expressions
  108:1       error    '__d' is not defined                                                          no-undef
  108:43      warning  Expected an assignment or function call and instead saw an expression         no-unused-expressions
  108:126     error    Unexpected var, use let or const instead                                      no-var
  108:154     error    Unexpected var, use let or const instead                                      no-var
  109:1       error    '__d' is not defined                                                          no-undef
  109:88      warning  Expected an assignment or function call and instead saw an expression         no-unused-expressions
  109:185     error    Unexpected var, use let or const instead                                      no-var
  110:1       error    '__d' is not defined                                                          no-undef
  110:42      warning  Expected an assignment or function call and instead saw an expression         no-unused-expressions
  111:1       error    '__d' is not defined                                                          no-undef
  111:95      warning  Expected an assignment or function call and instead saw an expression         no-unused-expressions
  111:222     error    Unexpected var, use let or const instead                                      no-var
  112:1       error    '__d' is not defined                                                          no-undef
  112:42      warning  Expected an assignment or function call and instead saw an expression         no-unused-expressions
  112:259     error    Unexpected var, use let or const instead                                      no-var
  113:1       error    '__d' is not defined                                                          no-undef
  113:94      warning  Expected an assignment or function call and instead saw an expression         no-unused-expressions
  113:1268    error    Unexpected var, use let or const instead                                      no-var
  114:1       error    '__d' is not defined                                                          no-undef
  114:543     error    Unexpected var, use let or const instead                                      no-var
  114:968     error    Unexpected var, use let or const instead                                      no-var
  114:1110    error    Unexpected var, use let or const instead                                      no-var
  114:1170    error    Unexpected var, use let or const instead                                      no-var
  114:1231    error    Unexpected var, use let or const instead                                      no-var
  114:1243    error    Unexpected var, use let or const instead                                      no-var
  114:1437    warning  Expected an assignment or function call and instead saw an expression         no-unused-expressions
  115:1       error    '__d' is not defined                                                          no-undef
  115:42      warning  Expected an assignment or function call and instead saw an expression         no-unused-expressions
  115:167     error    Unexpected var, use let or const instead                                      no-var
  115:288     error    Unexpected var, use let or const instead                                      no-var
  116:1       error    '__d' is not defined                                                          no-undef
  116:43      warning  Expected an assignment or function call and instead saw an expression         no-unused-expressions
  116:170     error    Unexpected var, use let or const instead                                      no-var
  117:1       error    '__d' is not defined                                                          no-undef
  117:43      warning  Expected an assignment or function call and instead saw an expression         no-unused-expressions
  117:170     error    Unexpected var, use let or const instead                                      no-var
  118:1       error    '__d' is not defined                                                          no-undef
  118:42      warning  Expected an assignment or function call and instead saw an expression         no-unused-expressions
  118:167     error    Unexpected var, use let or const instead                                      no-var
  118:236     error    Unexpected var, use let or const instead                                      no-var
  118:289     error    Unexpected var, use let or const instead                                      no-var
  119:1       error    '__d' is not defined                                                          no-undef
  119:43      warning  Expected an assignment or function call and instead saw an expression         no-unused-expressions
  119:170     error    Unexpected var, use let or const instead                                      no-var
  119:236     error    Unexpected var, use let or const instead                                      no-var
  119:249     error    Unexpected var, use let or const instead                                      no-var
  119:261     error    Unexpected var, use let or const instead                                      no-var
  119:272     warning  Expected an assignment or function call and instead saw an expression         no-unused-expressions
  120:1       error    '__d' is not defined                                                          no-undef
  120:42      warning  Expected an assignment or function call and instead saw an expression         no-unused-expressions
  120:167     error    Unexpected var, use let or const instead                                      no-var
  121:1       error    '__d' is not defined                                                          no-undef
  121:42      warning  Expected an assignment or function call and instead saw an expression         no-unused-expressions
  121:167     error    Unexpected var, use let or const instead                                      no-var
  122:1       error    '__d' is not defined                                                          no-undef
  122:44      warning  Expected an assignment or function call and instead saw an expression         no-unused-expressions
  122:171     error    Unexpected var, use let or const instead                                      no-var
  122:873     error    Unexpected var, use let or const instead                                      no-var
  122:901     error    Unexpected var, use let or const instead                                      no-var
  122:924     error    Unexpected var, use let or const instead                                      no-var
  122:971     error    Unexpected var, use let or const instead                                      no-var
  123:1       error    '__d' is not defined                                                          no-undef
  123:94      warning  Expected an assignment or function call and instead saw an expression         no-unused-expressions
  123:221     error    Unexpected var, use let or const instead                                      no-var
  124:1       error    '__d' is not defined                                                          no-undef
  124:42      warning  Expected an assignment or function call and instead saw an expression         no-unused-expressions
  124:167     error    Unexpected var, use let or const instead                                      no-var
  124:208     error    Unexpected var, use let or const instead                                      no-var
  125:1       error    '__d' is not defined                                                          no-undef
  125:43      warning  Expected an assignment or function call and instead saw an expression         no-unused-expressions
  125:170     error    Unexpected var, use let or const instead                                      no-var
  126:1       error    '__d' is not defined                                                          no-undef
  126:42      warning  Expected an assignment or function call and instead saw an expression         no-unused-expressions
  126:167     error    Unexpected var, use let or const instead                                      no-var
  127:1       error    '__d' is not defined                                                          no-undef
  127:42      warning  Expected an assignment or function call and instead saw an expression         no-unused-expressions
  127:260     error    Unexpected var, use let or const instead                                      no-var
  127:312     error    Unexpected var, use let or const instead                                      no-var
  128:1       error    '__d' is not defined                                                          no-undef
  128:42      warning  Expected an assignment or function call and instead saw an expression         no-unused-expressions
  128:150     error    Unexpected var, use let or const instead                                      no-var
  129:1       error    '__d' is not defined                                                          no-undef
  129:43      warning  Expected an assignment or function call and instead saw an expression         no-unused-expressions
  129:167     error    Unexpected var, use let or const instead                                      no-var
  129:212     error    Unexpected var, use let or const instead                                      no-var
  130:1       error    '__d' is not defined                                                          no-undef
  130:42      warning  Expected an assignment or function call and instead saw an expression         no-unused-expressions
  131:1       error    '__d' is not defined                                                          no-undef
  131:42      warning  Expected an assignment or function call and instead saw an expression         no-unused-expressions
  131:198     error    Unexpected var, use let or const instead                                      no-var
  132:1       error    '__d' is not defined                                                          no-undef
  132:43      warning  Expected an assignment or function call and instead saw an expression         no-unused-expressions
  132:164     error    Unexpected var, use let or const instead                                      no-var
  132:314     error    Unexpected var, use let or const instead                                      no-var
  132:517     error    Unexpected var, use let or const instead                                      no-var
  132:611     error    Unexpected var, use let or const instead                                      no-var
  132:838     error    Unexpected var, use let or const instead                                      no-var
  132:909     error    Unexpected var, use let or const instead                                      no-var
  132:930     error    Unexpected var, use let or const instead                                      no-var
  132:942     error    Unexpected var, use let or const instead                                      no-var
  132:1001    error    Unexpected var, use let or const instead                                      no-var
  133:1       error    '__d' is not defined                                                          no-undef
  133:42      warning  Expected an assignment or function call and instead saw an expression         no-unused-expressions
  133:137     error    Unexpected var, use let or const instead                                      no-var
  134:1       error    '__d' is not defined                                                          no-undef
  135:1       error    '__d' is not defined                                                          no-undef
  135:42      warning  Expected an assignment or function call and instead saw an expression         no-unused-expressions
  135:136     error    Unexpected var, use let or const instead                                      no-var
  135:161     error    Unexpected var, use let or const instead                                      no-var
  135:230     error    Unexpected var, use let or const instead                                      no-var
  135:295     error    Unexpected var, use let or const instead                                      no-var
  135:348     error    Unexpected var, use let or const instead                                      no-var
  135:361     error    Unexpected var, use let or const instead                                      no-var
  135:382     error    Unexpected var, use let or const instead                                      no-var
  135:393     warning  Expected an assignment or function call and instead saw an expression         no-unused-expressions
  136:1       error    '__d' is not defined                                                          no-undef
  136:94      warning  Expected an assignment or function call and instead saw an expression         no-unused-expressions
  136:763     error    Unexpected var, use let or const instead                                      no-var
  136:835     error    Unexpected var, use let or const instead                                      no-var
  136:1097    error    Unexpected var, use let or const instead                                      no-var
  136:1412    error    Unexpected var, use let or const instead                                      no-var
  136:1669    error    Unexpected var, use let or const instead                                      no-var
  136:2666    error    Unexpected var, use let or const instead                                      no-var
  136:2874    error    Unexpected var, use let or const instead                                      no-var
  136:3104    error    Unexpected var, use let or const instead                                      no-var
  136:3147    error    Unexpected var, use let or const instead                                      no-var
  136:3201    error    Unexpected var, use let or const instead                                      no-var
  136:3378    error    Unexpected var, use let or const instead                                      no-var
  136:3580    error    Unexpected var, use let or const instead                                      no-var
  136:3627    warning  Expected an assignment or function call and instead saw an expression         no-unused-expressions
  137:1       error    '__d' is not defined                                                          no-undef
  137:42      warning  Expected an assignment or function call and instead saw an expression         no-unused-expressions
  138:1       error    '__d' is not defined                                                          no-undef
  138:44      warning  Expected an assignment or function call and instead saw an expression         no-unused-expressions
  138:109     error    Unexpected var, use let or const instead                                      no-var
  138:141     error    Unexpected var, use let or const instead                                      no-var
  138:240     error    Unexpected var, use let or const instead                                      no-var
  138:365     error    Unexpected var, use let or const instead                                      no-var
  138:422     error    Unexpected var, use let or const instead                                      no-var
  138:463     error    Unexpected var, use let or const instead                                      no-var
  138:496     error    Unexpected var, use let or const instead                                      no-var
  138:527     error    Unexpected var, use let or const instead                                      no-var
  138:542     warning  Expected an assignment or function call and instead saw an expression         no-unused-expressions
  138:593     error    Unexpected var, use let or const instead                                      no-var
  138:606     error    Unexpected var, use let or const instead                                      no-var
  138:618     error    Unexpected var, use let or const instead                                      no-var
  138:629     warning  Expected an assignment or function call and instead saw an expression         no-unused-expressions
  138:865     error    Unexpected var, use let or const instead                                      no-var
  138:883     warning  Expected an assignment or function call and instead saw an expression         no-unused-expressions
  138:934     warning  Expected an assignment or function call and instead saw an expression         no-unused-expressions
  138:979     error    Unexpected var, use let or const instead                                      no-var
  138:994     error    Unexpected var, use let or const instead                                      no-var
  138:1006    error    Unexpected var, use let or const instead                                      no-var
  138:1017    warning  Expected an assignment or function call and instead saw an expression         no-unused-expressions
  138:1162    error    Unexpected var, use let or const instead                                      no-var
  138:1172    warning  Expected an assignment or function call and instead saw an expression         no-unused-expressions
  139:1       error    '__d' is not defined                                                          no-undef
  139:43      warning  Expected an assignment or function call and instead saw an expression         no-unused-expressions
  139:121     error    Unexpected var, use let or const instead                                      no-var
  139:133     error    Unexpected var, use let or const instead                                      no-var
  139:223     warning  Expected an assignment or function call and instead saw an expression         no-unused-expressions
  139:318     error    Unexpected var, use let or const instead                                      no-var
  139:327     warning  Expected an assignment or function call and instead saw an expression         no-unused-expressions
  139:717     error    Unexpected var, use let or const instead                                      no-var
  140:1       error    '__d' is not defined                                                          no-undef
  140:29      error    Unexpected var, use let or const instead                                      no-var
  140:134     warning  Expected an assignment or function call and instead saw an expression         no-unused-expressions
  141:1       error    '__d' is not defined                                                          no-undef
  141:29      error    Unexpected var, use let or const instead                                      no-var
  141:319     error    Unexpected var, use let or const instead                                      no-var
  141:438     warning  Expected an assignment or function call and instead saw an expression         no-unused-expressions
  141:474     warning  Expected an assignment or function call and instead saw an expression         no-unused-expressions
  141:758     warning  Expected an assignment or function call and instead saw an expression         no-unused-expressions
  141:880     warning  Expected an assignment or function call and instead saw an expression         no-unused-expressions
  141:895     warning  Expected an assignment or function call and instead saw an expression         no-unused-expressions
  141:936     warning  Expected an assignment or function call and instead saw an expression         no-unused-expressions
  141:1064    warning  Expected an assignment or function call and instead saw an expression         no-unused-expressions
  141:1334    warning  Expected an assignment or function call and instead saw an expression         no-unused-expressions
  141:1487    warning  Expected an assignment or function call and instead saw an expression         no-unused-expressions
  141:1703    warning  Expected an assignment or function call and instead saw an expression         no-unused-expressions
  141:1718    warning  Expected an assignment or function call and instead saw an expression         no-unused-expressions
  141:1768    warning  Expected an assignment or function call and instead saw an expression         no-unused-expressions
  141:1804    warning  Expected an assignment or function call and instead saw an expression         no-unused-expressions
  141:2154    warning  Expected an assignment or function call and instead saw an expression         no-unused-expressions
  141:2250    warning  Expected an assignment or function call and instead saw an expression         no-unused-expressions
  141:2388    warning  Expected an assignment or function call and instead saw an expression         no-unused-expressions
  141:2593    warning  Expected an assignment or function call and instead saw an expression         no-unused-expressions
  141:2841    warning  Expected an assignment or function call and instead saw an expression         no-unused-expressions
  141:2974    warning  Expected an assignment or function call and instead saw an expression         no-unused-expressions
  142:1       error    '__d' is not defined                                                          no-undef
  142:58      error    Unexpected var, use let or const instead                                      no-var
  142:98      warning  Expected an assignment or function call and instead saw an expression         no-unused-expressions
  143:1       error    '__d' is not defined                                                          no-undef
  143:46      error    Unexpected var, use let or const instead                                      no-var
  143:393     error    Unexpected var, use let or const instead                                      no-var
  144:1       error    '__d' is not defined                                                          no-undef
  144:29      error    Unexpected var, use let or const instead                                      no-var
  144:147     error    Unexpected var, use let or const instead                                      no-var
  144:231     error    Unexpected var, use let or const instead                                      no-var
  144:359     error    Unexpected var, use let or const instead                                      no-var
  145:1       error    '__d' is not defined                                                          no-undef
  145:42      warning  Expected an assignment or function call and instead saw an expression         no-unused-expressions
  146:1       error    '__d' is not defined                                                          no-undef
  146:94      warning  Expected an assignment or function call and instead saw an expression         no-unused-expressions
  146:1339    error    Unexpected var, use let or const instead                                      no-var
  146:1598    error    Unexpected var, use let or const instead                                      no-var
  146:1781    error    Unexpected var, use let or const instead                                      no-var
  146:1964    error    Unexpected var, use let or const instead                                      no-var
  146:2147    error    Unexpected var, use let or const instead                                      no-var
  146:2330    error    Unexpected var, use let or const instead                                      no-var
  146:2513    error    Unexpected var, use let or const instead                                      no-var
  146:2696    error    Unexpected var, use let or const instead                                      no-var
  146:2879    error    Unexpected var, use let or const instead                                      no-var
  147:1       error    '__d' is not defined                                                          no-undef
  147:42      warning  Expected an assignment or function call and instead saw an expression         no-unused-expressions
  148:1       error    '__d' is not defined                                                          no-undef
  149:1       error    '__d' is not defined                                                          no-undef
  150:1       error    '__d' is not defined                                                          no-undef
  151:1       error    '__d' is not defined                                                          no-undef
  152:1       error    '__d' is not defined                                                          no-undef
  153:1       error    '__d' is not defined                                                          no-undef
  154:1       error    '__d' is not defined                                                          no-undef
  154:43      warning  Expected an assignment or function call and instead saw an expression         no-unused-expressions
  154:627     error    Unexpected var, use let or const instead                                      no-var
  155:1       error    '__d' is not defined                                                          no-undef
  155:42      warning  Expected an assignment or function call and instead saw an expression         no-unused-expressions
  155:437     warning  Expected an assignment or function call and instead saw an expression         no-unused-expressions
  155:864     warning  Expected an assignment or function call and instead saw an expression         no-unused-expressions
  156:1       error    '__d' is not defined                                                          no-undef
  156:108     warning  Expected an assignment or function call and instead saw an expression         no-unused-expressions
  156:242     error    Unexpected var, use let or const instead                                      no-var
  156:596     error    Unexpected var, use let or const instead                                      no-var
  157:1       error    '__d' is not defined                                                          no-undef
  157:207     warning  Expected an assignment or function call and instead saw an expression         no-unused-expressions
  157:334     error    Unexpected var, use let or const instead                                      no-var
  157:797     warning  Expected an assignment or function call and instead saw an expression         no-unused-expressions
  157:1170    warning  Expected an assignment or function call and instead saw an expression         no-unused-expressions
  157:1200    warning  Expected an assignment or function call and instead saw an expression         no-unused-expressions
  158:1       error    '__d' is not defined                                                          no-undef
  158:44      warning  Expected an assignment or function call and instead saw an expression         no-unused-expressions
  158:171     error    Unexpected var, use let or const instead                                      no-var
  159:1       error    '__d' is not defined                                                          no-undef
  159:43      warning  Expected an assignment or function call and instead saw an expression         no-unused-expressions
  159:237     error    Unexpected var, use let or const instead                                      no-var
  160:1       error    '__d' is not defined                                                          no-undef
  160:42      warning  Expected an assignment or function call and instead saw an expression         no-unused-expressions
  161:1       error    '__d' is not defined                                                          no-undef
  161:42      warning  Expected an assignment or function call and instead saw an expression         no-unused-expressions
  162:1       error    '__d' is not defined                                                          no-undef
  162:42      warning  Expected an assignment or function call and instead saw an expression         no-unused-expressions
  163:1       error    '__d' is not defined                                                          no-undef
  163:42      warning  Expected an assignment or function call and instead saw an expression         no-unused-expressions
  164:1       error    '__d' is not defined                                                          no-undef
  164:42      warning  Expected an assignment or function call and instead saw an expression         no-unused-expressions
  165:1       error    '__d' is not defined                                                          no-undef
  165:42      warning  Expected an assignment or function call and instead saw an expression         no-unused-expressions
  166:1       error    '__d' is not defined                                                          no-undef
  166:43      warning  Expected an assignment or function call and instead saw an expression         no-unused-expressions
  166:170     error    Unexpected var, use let or const instead                                      no-var
  166:232     error    Unexpected var, use let or const instead                                      no-var
  167:1       error    '__d' is not defined                                                          no-undef
  167:42      warning  Expected an assignment or function call and instead saw an expression         no-unused-expressions
  167:167     error    Unexpected var, use let or const instead                                      no-var
  168:1       error    '__d' is not defined                                                          no-undef
  168:42      warning  Expected an assignment or function call and instead saw an expression         no-unused-expressions
  169:1       error    '__d' is not defined                                                          no-undef
  169:42      warning  Expected an assignment or function call and instead saw an expression         no-unused-expressions
  169:213     error    Unexpected var, use let or const instead                                      no-var
  170:1       error    '__d' is not defined                                                          no-undef
  170:42      warning  Expected an assignment or function call and instead saw an expression         no-unused-expressions
  170:179     error    Unexpected var, use let or const instead                                      no-var
  171:1       error    '__d' is not defined                                                          no-undef
  171:42      warning  Expected an assignment or function call and instead saw an expression         no-unused-expressions
  171:209     warning  Expected an assignment or function call and instead saw an expression         no-unused-expressions
  172:1       error    '__d' is not defined                                                          no-undef
  172:179     warning  Expected an assignment or function call and instead saw an expression         no-unused-expressions
  173:1       error    '__d' is not defined                                                          no-undef
  173:42      warning  Expected an assignment or function call and instead saw an expression         no-unused-expressions
  173:555     error    Unexpected var, use let or const instead                                      no-var
  174:1       error    '__d' is not defined                                                          no-undef
  175:1       error    '__d' is not defined                                                          no-undef
  175:42      warning  Expected an assignment or function call and instead saw an expression         no-unused-expressions
  176:1       error    '__d' is not defined                                                          no-undef
  176:69      warning  Expected an assignment or function call and instead saw an expression         no-unused-expressions
  176:173     error    Unexpected var, use let or const instead                                      no-var
  176:691     warning  Expected an assignment or function call and instead saw an expression         no-unused-expressions
  177:1       error    '__d' is not defined                                                          no-undef
  177:31      warning  Expected an assignment or function call and instead saw an expression         no-unused-expressions
  177:75      error    Unexpected var, use let or const instead                                      no-var
  177:88      error    Unexpected var, use let or const instead                                      no-var
  178:1       error    '__d' is not defined                                                          no-undef
  178:42      warning  Expected an assignment or function call and instead saw an expression         no-unused-expressions
  178:155     error    Unexpected var, use let or const instead                                      no-var
  179:1       error    '__d' is not defined                                                          no-undef
  179:42      warning  Expected an assignment or function call and instead saw an expression         no-unused-expressions
  179:462     warning  Expected an assignment or function call and instead saw an expression         no-unused-expressions
  179:644     error    Unexpected var, use let or const instead                                      no-var
  180:1       error    '__d' is not defined                                                          no-undef
  180:42      warning  Expected an assignment or function call and instead saw an expression         no-unused-expressions
  181:1       error    '__d' is not defined                                                          no-undef
  181:94      warning  Expected an assignment or function call and instead saw an expression         no-unused-expressions
  181:232     error    Unexpected var, use let or const instead                                      no-var
  181:385     warning  Expected an assignment or function call and instead saw an expression         no-unused-expressions
  181:459     warning  Expected an assignment or function call and instead saw an expression         no-unused-expressions
  181:815     warning  Expected an assignment or function call and instead saw an expression         no-unused-expressions
  181:1107    warning  Expected an assignment or function call and instead saw an expression         no-unused-expressions
  182:1       error    '__d' is not defined                                                          no-undef
  182:88      error    Unexpected var, use let or const instead                                      no-var
  182:254     error    Unexpected var, use let or const instead                                      no-var
  183:1       error    '__d' is not defined                                                          no-undef
  183:43      warning  Expected an assignment or function call and instead saw an expression         no-unused-expressions
  183:170     error    Unexpected var, use let or const instead                                      no-var
  184:1       error    '__d' is not defined                                                          no-undef
  184:94      warning  Expected an assignment or function call and instead saw an expression         no-unused-expressions
  184:229     error    Unexpected var, use let or const instead                                      no-var
  184:302     error    Unexpected var, use let or const instead                                      no-var
  184:355     error    Unexpected var, use let or const instead                                      no-var
  184:409     error    Unexpected var, use let or const instead                                      no-var
  184:415     warning  Expected an assignment or function call and instead saw an expression         no-unused-expressions
  184:517     error    Unexpected var, use let or const instead                                      no-var
  184:523     warning  Expected an assignment or function call and instead saw an expression         no-unused-expressions
  184:616     error    Unexpected var, use let or const instead                                      no-var
  184:739     error    Unexpected var, use let or const instead                                      no-var
  184:745     warning  Expected an assignment or function call and instead saw an expression         no-unused-expressions
  185:1       error    '__d' is not defined                                                          no-undef
  185:43      warning  Expected an assignment or function call and instead saw an expression         no-unused-expressions
  185:170     error    Unexpected var, use let or const instead                                      no-var
  186:1       error    '__d' is not defined                                                          no-undef
  186:42      warning  Expected an assignment or function call and instead saw an expression         no-unused-expressions
  186:226     error    Unexpected var, use let or const instead                                      no-var
  186:325     error    Unexpected var, use let or const instead                                      no-var
  186:365     error    Unexpected var, use let or const instead                                      no-var
  186:447     error    Unexpected var, use let or const instead                                      no-var
  186:480     error    Unexpected var, use let or const instead                                      no-var
  186:545     warning  Expected an assignment or function call and instead saw an expression         no-unused-expressions
  186:613     error    Unexpected var, use let or const instead                                      no-var
  186:678     error    Unexpected var, use let or const instead                                      no-var
  187:1       error    '__d' is not defined                                                          no-undef
  187:42      warning  Expected an assignment or function call and instead saw an expression         no-unused-expressions
  187:167     error    Unexpected var, use let or const instead                                      no-var
  188:1       error    '__d' is not defined                                                          no-undef
  188:42      warning  Expected an assignment or function call and instead saw an expression         no-unused-expressions
  189:1       error    '__d' is not defined                                                          no-undef
  189:42      warning  Expected an assignment or function call and instead saw an expression         no-unused-expressions
  189:198     error    Unexpected var, use let or const instead                                      no-var
  189:254     warning  Expected an assignment or function call and instead saw an expression         no-unused-expressions
  190:1       error    '__d' is not defined                                                          no-undef
  190:42      warning  Expected an assignment or function call and instead saw an expression         no-unused-expressions
  190:167     error    Unexpected var, use let or const instead                                      no-var
  190:475     warning  Expected an assignment or function call and instead saw an expression         no-unused-expressions
  191:1       error    '__d' is not defined                                                          no-undef
  191:42      warning  Expected an assignment or function call and instead saw an expression         no-unused-expressions
  191:389     error    Unexpected var, use let or const instead                                      no-var
  192:1       error    '__d' is not defined                                                          no-undef
  192:94      warning  Expected an assignment or function call and instead saw an expression         no-unused-expressions
  192:334     error    Unexpected var, use let or const instead                                      no-var
  193:1       error    '__d' is not defined                                                          no-undef
  193:43      warning  Expected an assignment or function call and instead saw an expression         no-unused-expressions
  193:170     error    Unexpected var, use let or const instead                                      no-var
  193:186     error    Unexpected var, use let or const instead                                      no-var
  193:401     error    Unexpected var, use let or const instead                                      no-var
  193:433     error    Unexpected var, use let or const instead                                      no-var
  193:535     error    Unexpected var, use let or const instead                                      no-var
  193:550     warning  Expected an assignment or function call and instead saw an expression         no-unused-expressions
  194:1       error    '__d' is not defined                                                          no-undef
  194:42      warning  Expected an assignment or function call and instead saw an expression         no-unused-expressions
  194:167     error    Unexpected var, use let or const instead                                      no-var
  194:205     warning  Expected an assignment or function call and instead saw an expression         no-unused-expressions
  194:316     error    Unexpected var, use let or const instead                                      no-var
  195:1       error    '__d' is not defined                                                          no-undef
  195:44      warning  Expected an assignment or function call and instead saw an expression         no-unused-expressions
  195:171     error    Unexpected var, use let or const instead                                      no-var
  195:220     error    Unexpected var, use let or const instead                                      no-var
  195:274     error    Unexpected var, use let or const instead                                      no-var
  195:484     error    Unexpected var, use let or const instead                                      no-var
  196:1       error    '__d' is not defined                                                          no-undef
  197:1       error    '__d' is not defined                                                          no-undef
  207:14      error    Unexpected var, use let or const instead                                      no-var
  207:110     error    Unexpected var, use let or const instead                                      no-var
  207:188     error    Unexpected var, use let or const instead                                      no-var
  207:307     warning  Expected an assignment or function call and instead saw an expression         no-unused-expressions
  208:1       error    '__d' is not defined                                                          no-undef
  208:91      error    Unexpected var, use let or const instead                                      no-var
  208:271     error    Unexpected var, use let or const instead                                      no-var
  208:451     error    Unexpected var, use let or const instead                                      no-var
  208:631     error    Unexpected var, use let or const instead                                      no-var
  209:1       error    '__d' is not defined                                                          no-undef
  209:200     warning  Expected an assignment or function call and instead saw an expression         no-unused-expressions
  209:808     warning  Expected an assignment or function call and instead saw an expression         no-unused-expressions
  209:1857    error    Unexpected var, use let or const instead                                      no-var
  209:1919    error    Unexpected var, use let or const instead                                      no-var
  209:1973    error    Unexpected var, use let or const instead                                      no-var
  209:2239    error    Unexpected var, use let or const instead                                      no-var
  209:2271    error    Unexpected var, use let or const instead                                      no-var
  209:2294    error    Unexpected var, use let or const instead                                      no-var
  210:1       error    '__d' is not defined                                                          no-undef
  210:94      warning  Expected an assignment or function call and instead saw an expression         no-unused-expressions
  210:221     error    Unexpected var, use let or const instead                                      no-var
  210:391     error    Unexpected var, use let or const instead                                      no-var
  210:429     error    Unexpected var, use let or const instead                                      no-var
  210:452     warning  Expected an assignment or function call and instead saw an expression         no-unused-expressions
  210:518     error    Unexpected var, use let or const instead                                      no-var
  210:551     warning  Expected an assignment or function call and instead saw an expression         no-unused-expressions
  210:584     warning  Expected an assignment or function call and instead saw an expression         no-unused-expressions
  210:761     warning  Expected an assignment or function call and instead saw an expression         no-unused-expressions
  210:928     warning  Expected an assignment or function call and instead saw an expression         no-unused-expressions
  210:1268    warning  Expected an assignment or function call and instead saw an expression         no-unused-expressions
  211:1       error    '__d' is not defined                                                          no-undef
  211:44      warning  Expected an assignment or function call and instead saw an expression         no-unused-expressions
  211:658     warning  Expected an assignment or function call and instead saw an expression         no-unused-expressions
  211:763     error    Unexpected var, use let or const instead                                      no-var
  211:812     error    Unexpected var, use let or const instead                                      no-var
  211:866     error    Unexpected var, use let or const instead                                      no-var
  212:1       error    '__d' is not defined                                                          no-undef
  212:137     error    Unexpected var, use let or const instead                                      no-var
  212:191     error    Unexpected var, use let or const instead                                      no-var
  212:329     warning  Expected an assignment or function call and instead saw an expression         no-unused-expressions
  212:456     error    Unexpected var, use let or const instead                                      no-var
  212:1337    error    Unexpected var, use let or const instead                                      no-var
  212:1942    warning  Expected an assignment or function call and instead saw an expression         no-unused-expressions
  212:2421    error    Unexpected var, use let or const instead                                      no-var
  212:2594    error    Unexpected var, use let or const instead                                      no-var
  212:2630    warning  Expected an assignment or function call and instead saw an expression         no-unused-expressions
  212:2730    error    Unexpected var, use let or const instead                                      no-var
  212:2854    error    Unexpected var, use let or const instead                                      no-var
  213:1       error    '__d' is not defined                                                          no-undef
  213:94      warning  Expected an assignment or function call and instead saw an expression         no-unused-expressions
  213:221     error    Unexpected var, use let or const instead                                      no-var
  213:286     error    Unexpected var, use let or const instead                                      no-var
  213:366     error    Unexpected var, use let or const instead                                      no-var
  214:1       error    '__d' is not defined                                                          no-undef
  214:94      warning  Expected an assignment or function call and instead saw an expression         no-unused-expressions
  214:221     error    Unexpected var, use let or const instead                                      no-var
  215:1       error    '__d' is not defined                                                          no-undef
  215:42      warning  Expected an assignment or function call and instead saw an expression         no-unused-expressions
  215:167     error    Unexpected var, use let or const instead                                      no-var
  216:1       error    '__d' is not defined                                                          no-undef
  216:43      warning  Expected an assignment or function call and instead saw an expression         no-unused-expressions
  216:170     error    Unexpected var, use let or const instead                                      no-var
  216:622     error    Unexpected var, use let or const instead                                      no-var
  216:669     error    Unexpected var, use let or const instead                                      no-var
  217:1       error    '__d' is not defined                                                          no-undef
  217:42      warning  Expected an assignment or function call and instead saw an expression         no-unused-expressions
  217:167     error    Unexpected var, use let or const instead                                      no-var
  217:366     error    Unexpected var, use let or const instead                                      no-var
  217:410     error    Unexpected var, use let or const instead                                      no-var
  218:1       error    '__d' is not defined                                                          no-undef
  218:94      warning  Expected an assignment or function call and instead saw an expression         no-unused-expressions
  218:221     error    Unexpected var, use let or const instead                                      no-var
  218:2413    error    Unexpected var, use let or const instead                                      no-var
  218:2592    error    Unexpected var, use let or const instead                                      no-var
  218:5058    error    Unexpected var, use let or const instead                                      no-var
  218:5110    error    Unexpected var, use let or const instead                                      no-var
  218:5168    error    Unexpected var, use let or const instead                                      no-var
  218:5218    error    Unexpected var, use let or const instead                                      no-var
  218:5271    error    Unexpected var, use let or const instead                                      no-var
  218:5325    error    Unexpected var, use let or const instead                                      no-var
  218:5379    error    Unexpected var, use let or const instead                                      no-var
  218:5432    error    Unexpected var, use let or const instead                                      no-var
  218:5489    error    Unexpected var, use let or const instead                                      no-var
  218:5542    error    Unexpected var, use let or const instead                                      no-var
  218:5602    error    Unexpected var, use let or const instead                                      no-var
  218:5621    warning  Expected an assignment or function call and instead saw an expression         no-unused-expressions
  218:5775    error    Unexpected var, use let or const instead                                      no-var
  218:5833    error    Unexpected var, use let or const instead                                      no-var
  218:5887    error    Unexpected var, use let or const instead                                      no-var
  218:5942    error    Unexpected var, use let or const instead                                      no-var
  218:5997    error    Unexpected var, use let or const instead                                      no-var
  218:6051    error    Unexpected var, use let or const instead                                      no-var
  218:6107    error    Unexpected var, use let or const instead                                      no-var
  218:6171    error    Unexpected var, use let or const instead                                      no-var
  218:6225    error    Unexpected var, use let or const instead                                      no-var
  218:6287    error    Unexpected var, use let or const instead                                      no-var
  218:6341    error    Unexpected var, use let or const instead                                      no-var
  218:6412    error    Unexpected var, use let or const instead                                      no-var
  218:6466    error    Unexpected var, use let or const instead                                      no-var
  218:6524    error    Unexpected var, use let or const instead                                      no-var
  218:6588    error    Unexpected var, use let or const instead                                      no-var
  218:6648    error    Unexpected var, use let or const instead                                      no-var
  218:6704    error    Unexpected var, use let or const instead                                      no-var
  218:6764    error    Unexpected var, use let or const instead                                      no-var
  218:6821    error    Unexpected var, use let or const instead                                      no-var
  218:6877    error    Unexpected var, use let or const instead                                      no-var
  218:6899    warning  Expected an assignment or function call and instead saw an expression         no-unused-expressions
  218:6994    error    Unexpected var, use let or const instead                                      no-var
  218:7016    warning  Expected an assignment or function call and instead saw an expression         no-unused-expressions
  218:7161    error    Unexpected var, use let or const instead                                      no-var
  218:7225    error    Unexpected var, use let or const instead                                      no-var
  218:7282    error    Unexpected var, use let or const instead                                      no-var
  218:7339    error    Unexpected var, use let or const instead                                      no-var
  218:7395    error    Unexpected var, use let or const instead                                      no-var
  218:7452    error    Unexpected var, use let or const instead                                      no-var
  218:7508    error    Unexpected var, use let or const instead                                      no-var
  218:7561    error    Unexpected var, use let or const instead                                      no-var
  218:7618    error    Unexpected var, use let or const instead                                      no-var
  218:7675    error    Unexpected var, use let or const instead                                      no-var
  218:7732    error    Unexpected var, use let or const instead                                      no-var
  218:7806    error    Unexpected var, use let or const instead                                      no-var
  218:7837    error    Unexpected var, use let or const instead                                      no-var
  218:7890    warning  Expected an assignment or function call and instead saw an expression         no-unused-expressions
  218:8319    error    Unexpected var, use let or const instead                                      no-var
  218:8416    warning  Expected an assignment or function call and instead saw an expression         no-unused-expressions
  218:8456    error    Unexpected var, use let or const instead                                      no-var
  219:1       error    '__d' is not defined                                                          no-undef
  219:43      warning  Expected an assignment or function call and instead saw an expression         no-unused-expressions
  219:147     error    Unexpected var, use let or const instead                                      no-var
  219:347     error    Unexpected var, use let or const instead                                      no-var
  220:1       error    '__d' is not defined                                                          no-undef
  220:42      warning  Expected an assignment or function call and instead saw an expression         no-unused-expressions
  220:117     error    Unexpected var, use let or const instead                                      no-var
  220:146     error    Unexpected var, use let or const instead                                      no-var
  220:174     error    Unexpected var, use let or const instead                                      no-var
  220:234     warning  't' is defined but never used. Allowed unused caught errors must match /^_/u  no-unused-vars
  220:237     error    Unexpected var, use let or const instead                                      no-var
  220:275     error    Unexpected var, use let or const instead                                      no-var
  220:329     error    Unexpected var, use let or const instead                                      no-var
  221:1       error    '__d' is not defined                                                          no-undef
  221:42      warning  Expected an assignment or function call and instead saw an expression         no-unused-expressions
  221:736     error    Unexpected var, use let or const instead                                      no-var
  222:1       error    '__d' is not defined                                                          no-undef
  222:58      error    Unexpected var, use let or const instead                                      no-var
  222:71      error    Unexpected var, use let or const instead                                      no-var
  222:135     warning  Expected an assignment or function call and instead saw an expression         no-unused-expressions
  223:1       error    '__d' is not defined                                                          no-undef
  223:94      warning  Expected an assignment or function call and instead saw an expression         no-unused-expressions
  223:221     error    Unexpected var, use let or const instead                                      no-var
  223:324     error    Unexpected var, use let or const instead                                      no-var
  223:438     error    Unexpected var, use let or const instead                                      no-var
  223:518     error    Unexpected var, use let or const instead                                      no-var
  223:608     warning  Expected an assignment or function call and instead saw an expression         no-unused-expressions
  223:702     warning  Expected an assignment or function call and instead saw an expression         no-unused-expressions
  223:721     error    Unexpected var, use let or const instead                                      no-var
  223:782     error    Unexpected var, use let or const instead                                      no-var
  224:1       error    '__d' is not defined                                                          no-undef
  224:43      warning  Expected an assignment or function call and instead saw an expression         no-unused-expressions
  224:170     error    Unexpected var, use let or const instead                                      no-var
  225:1       error    '__d' is not defined                                                          no-undef
  225:94      warning  Expected an assignment or function call and instead saw an expression         no-unused-expressions
  225:221     error    Unexpected var, use let or const instead                                      no-var
  225:257     error    Unexpected var, use let or const instead                                      no-var
  225:363     warning  Expected an assignment or function call and instead saw an expression         no-unused-expressions
  225:544     error    Unexpected var, use let or const instead                                      no-var
  225:624     error    Unexpected var, use let or const instead                                      no-var
  225:800     warning  'e' is defined but never used. Allowed unused caught errors must match /^_/u  no-unused-vars
  225:819     error    Unexpected var, use let or const instead                                      no-var
  225:836     warning  Expected an assignment or function call and instead saw an expression         no-unused-expressions
  225:956     warning  'e' is defined but never used. Allowed unused caught errors must match /^_/u  no-unused-vars
  225:1028    error    Unexpected var, use let or const instead                                      no-var
  225:1158    error    Unexpected var, use let or const instead                                      no-var
  225:1215    error    Unexpected var, use let or const instead                                      no-var
  226:1       error    '__d' is not defined                                                          no-undef
  226:42      warning  Expected an assignment or function call and instead saw an expression         no-unused-expressions
  226:167     error    Unexpected var, use let or const instead                                      no-var
  227:1       error    '__d' is not defined                                                          no-undef
  227:43      warning  Expected an assignment or function call and instead saw an expression         no-unused-expressions
  227:170     error    Unexpected var, use let or const instead                                      no-var
  227:222     error    Unexpected var, use let or const instead                                      no-var
  227:242     error    Unexpected var, use let or const instead                                      no-var
  227:260     error    Unexpected var, use let or const instead                                      no-var
  227:295     error    Unexpected var, use let or const instead                                      no-var
  227:347     warning  Expected an assignment or function call and instead saw an expression         no-unused-expressions
  228:1       error    '__d' is not defined                                                          no-undef
  228:43      warning  Expected an assignment or function call and instead saw an expression         no-unused-expressions
  228:170     error    Unexpected var, use let or const instead                                      no-var
  228:222     error    Unexpected var, use let or const instead                                      no-var
  229:1       error    '__d' is not defined                                                          no-undef
  229:42      warning  Expected an assignment or function call and instead saw an expression         no-unused-expressions
  229:167     error    Unexpected var, use let or const instead                                      no-var
  229:970     error    Unexpected var, use let or const instead                                      no-var
  230:1       error    '__d' is not defined                                                          no-undef
  230:44      warning  Expected an assignment or function call and instead saw an expression         no-unused-expressions
  230:171     error    Unexpected var, use let or const instead                                      no-var
  230:220     error    Unexpected var, use let or const instead                                      no-var
  230:274     error    Unexpected var, use let or const instead                                      no-var
  230:488     error    Unexpected var, use let or const instead                                      no-var
  231:1       error    '__d' is not defined                                                          no-undef
  231:59      error    Unexpected var, use let or const instead                                      no-var
  231:160     warning  Expected an assignment or function call and instead saw an expression         no-unused-expressions
  231:336     warning  Expected an assignment or function call and instead saw an expression         no-unused-expressions
  232:1       error    '__d' is not defined                                                          no-undef
  232:94      warning  Expected an assignment or function call and instead saw an expression         no-unused-expressions
  232:221     error    Unexpected var, use let or const instead                                      no-var
  232:265     warning  Expected an assignment or function call and instead saw an expression         no-unused-expressions
  232:317     warning  Expected an assignment or function call and instead saw an expression         no-unused-expressions
  233:1       error    '__d' is not defined                                                          no-undef
  233:44      warning  Expected an assignment or function call and instead saw an expression         no-unused-expressions
  233:171     error    Unexpected var, use let or const instead                                      no-var
  233:218     error    Unexpected var, use let or const instead                                      no-var
  233:272     error    Unexpected var, use let or const instead                                      no-var
  233:518     error    Unexpected var, use let or const instead                                      no-var
  234:1       error    '__d' is not defined                                                          no-undef
  234:86      error    Unexpected var, use let or const instead                                      no-var
  234:140     error    Unexpected var, use let or const instead                                      no-var
  234:278     warning  Expected an assignment or function call and instead saw an expression         no-unused-expressions
  234:405     error    Unexpected var, use let or const instead                                      no-var
  234:480     error    Unexpected var, use let or const instead                                      no-var
  234:577     warning  Expected an assignment or function call and instead saw an expression         no-unused-expressions
  234:659     error    Unexpected var, use let or const instead                                      no-var
  234:1040    warning  Expected an assignment or function call and instead saw an expression         no-unused-expressions
  235:1       error    '__d' is not defined                                                          no-undef
  235:96      warning  Expected an assignment or function call and instead saw an expression         no-unused-expressions
  235:176     warning  Expected an assignment or function call and instead saw an expression         no-unused-expressions
  235:430     warning  Expected an assignment or function call and instead saw an expression         no-unused-expressions
  235:601     error    Unexpected var, use let or const instead                                      no-var
  235:1118    error    Unexpected var, use let or const instead                                      no-var
  235:1166    error    Unexpected var, use let or const instead                                      no-var
  235:1352    error    Unexpected var, use let or const instead                                      no-var
  235:1520    warning  Expected an assignment or function call and instead saw an expression         no-unused-expressions
  235:1613    error    Unexpected var, use let or const instead                                      no-var
  235:1670    error    Unexpected var, use let or const instead                                      no-var
  235:1717    error    Unexpected var, use let or const instead                                      no-var
  235:1770    error    Unexpected var, use let or const instead                                      no-var
  235:1867    warning  Expected an assignment or function call and instead saw an expression         no-unused-expressions
  235:1939    error    Unexpected var, use let or const instead                                      no-var
  235:2164    warning  Expected an assignment or function call and instead saw an expression         no-unused-expressions
  235:2243    warning  Expected an assignment or function call and instead saw an expression         no-unused-expressions
  235:2316    error    Unexpected var, use let or const instead                                      no-var
  235:2703    error    Unexpected var, use let or const instead                                      no-var
  235:2712    warning  Expected an assignment or function call and instead saw an expression         no-unused-expressions
  235:2986    error    Unexpected var, use let or const instead                                      no-var
  235:3018    error    Unexpected var, use let or const instead                                      no-var
  235:3093    error    Unexpected var, use let or const instead                                      no-var
  235:3222    error    Unexpected var, use let or const instead                                      no-var
  235:3312    error    Unexpected var, use let or const instead                                      no-var
  235:3336    error    Unexpected var, use let or const instead                                      no-var
  235:3422    error    Unexpected var, use let or const instead                                      no-var
  235:3490    error    Unexpected var, use let or const instead                                      no-var
  235:3638    warning  Expected an assignment or function call and instead saw an expression         no-unused-expressions
  235:3735    error    Unexpected var, use let or const instead                                      no-var
  235:3810    warning  Expected an assignment or function call and instead saw an expression         no-unused-expressions
  235:4199    error    Unexpected var, use let or const instead                                      no-var
  235:4377    error    Unexpected var, use let or const instead                                      no-var
  235:4422    error    Unexpected var, use let or const instead                                      no-var
  235:4466    error    Unexpected var, use let or const instead                                      no-var
  235:4492    warning  Expected an assignment or function call and instead saw an expression         no-unused-expressions
  235:4520    warning  Expected an assignment or function call and instead saw an expression         no-unused-expressions
  236:1       error    '__d' is not defined                                                          no-undef
  236:43      warning  Expected an assignment or function call and instead saw an expression         no-unused-expressions
  236:170     error    Unexpected var, use let or const instead                                      no-var
  236:290     error    Unexpected var, use let or const instead                                      no-var
  236:846     warning  Expected an assignment or function call and instead saw an expression         no-unused-expressions
  236:873     error    Unexpected var, use let or const instead                                      no-var
  236:1006    warning  Expected an assignment or function call and instead saw an expression         no-unused-expressions
  236:1047    error    Unexpected var, use let or const instead                                      no-var
  237:1       error    '__d' is not defined                                                          no-undef
  237:42      warning  Expected an assignment or function call and instead saw an expression         no-unused-expressions
  237:1439    error    Unexpected var, use let or const instead                                      no-var
  238:1       error    '__d' is not defined                                                          no-undef
  238:44      warning  Expected an assignment or function call and instead saw an expression         no-unused-expressions
  238:182     error    Unexpected var, use let or const instead                                      no-var
  238:223     error    Unexpected var, use let or const instead                                      no-var
  238:241     warning  Expected an assignment or function call and instead saw an expression         no-unused-expressions
  238:342     error    Unexpected var, use let or const instead                                      no-var
  238:413     error    Unexpected var, use let or const instead                                      no-var
  238:439     warning  Expected an assignment or function call and instead saw an expression         no-unused-expressions
  238:463     warning  Expected an assignment or function call and instead saw an expression         no-unused-expressions
  238:487     error    Unexpected var, use let or const instead                                      no-var
  238:524     warning  Expected an assignment or function call and instead saw an expression         no-unused-expressions
  238:622     error    Unexpected var, use let or const instead                                      no-var
  238:646     error    Unexpected var, use let or const instead                                      no-var
  238:855     error    Unexpected var, use let or const instead                                      no-var
  238:1058    error    Unexpected var, use let or const instead                                      no-var
  238:1284    error    Unexpected var, use let or const instead                                      no-var
  238:1321    warning  Expected an assignment or function call and instead saw an expression         no-unused-expressions
  239:1       error    '__d' is not defined                                                          no-undef
  239:55      error    Unexpected var, use let or const instead                                      no-var
  239:238     warning  Expected an assignment or function call and instead saw an expression         no-unused-expressions
  240:1       error    '__d' is not defined                                                          no-undef
  240:43      warning  Expected an assignment or function call and instead saw an expression         no-unused-expressions
  240:187     error    Unexpected var, use let or const instead                                      no-var
  240:489     warning  Expected an assignment or function call and instead saw an expression         no-unused-expressions
  240:727     error    Unexpected var, use let or const instead                                      no-var
  240:833     error    Unexpected var, use let or const instead                                      no-var
  240:861     warning  Expected an assignment or function call and instead saw an expression         no-unused-expressions
  240:933     error    Unexpected var, use let or const instead                                      no-var
  240:957     warning  Expected an assignment or function call and instead saw an expression         no-unused-expressions
  240:1303    error    Unexpected var, use let or const instead                                      no-var
  240:1327    warning  Expected an assignment or function call and instead saw an expression         no-unused-expressions
  240:1775    error    Unexpected var, use let or const instead                                      no-var
  240:2035    error    Unexpected var, use let or const instead                                      no-var
  240:2146    warning  Expected an assignment or function call and instead saw an expression         no-unused-expressions
  240:2435    error    Unexpected var, use let or const instead                                      no-var
  240:2473    error    Unexpected var, use let or const instead                                      no-var
  241:1       error    '__d' is not defined                                                          no-undef
  241:42      warning  Expected an assignment or function call and instead saw an expression         no-unused-expressions
  241:167     error    Unexpected var, use let or const instead                                      no-var
  242:1       error    '__d' is not defined                                                          no-undef
  242:129     warning  Expected an assignment or function call and instead saw an expression         no-unused-expressions
  242:261     error    Unexpected var, use let or const instead                                      no-var
  242:323     error    Unexpected var, use let or const instead                                      no-var
  242:377     error    Unexpected var, use let or const instead                                      no-var
  242:643     error    Unexpected var, use let or const instead                                      no-var
  242:675     error    Unexpected var, use let or const instead                                      no-var
  242:698     error    Unexpected var, use let or const instead                                      no-var
  243:1       error    '__d' is not defined                                                          no-undef
  243:42      warning  Expected an assignment or function call and instead saw an expression         no-unused-expressions
  244:1       error    '__d' is not defined                                                          no-undef
  245:1       error    '__d' is not defined                                                          no-undef
  245:94      warning  Expected an assignment or function call and instead saw an expression         no-unused-expressions
  245:1050    error    Unexpected var, use let or const instead                                      no-var
  246:1       error    '__d' is not defined                                                          no-undef
  246:95      warning  Expected an assignment or function call and instead saw an expression         no-unused-expressions
  246:222     error    Unexpected var, use let or const instead                                      no-var
  246:308     error    Unexpected var, use let or const instead                                      no-var
  246:362     error    Unexpected var, use let or const instead                                      no-var
  246:857     error    Unexpected var, use let or const instead                                      no-var
  246:1629    error    Unexpected var, use let or const instead                                      no-var
  246:1692    warning  Expected an assignment or function call and instead saw an expression         no-unused-expressions
  246:1779    warning  Expected an assignment or function call and instead saw an expression         no-unused-expressions
  246:1866    warning  Expected an assignment or function call and instead saw an expression         no-unused-expressions
  246:1923    warning  Expected an assignment or function call and instead saw an expression         no-unused-expressions
  246:2229    error    Unexpected var, use let or const instead                                      no-var
  246:2275    error    Unexpected var, use let or const instead                                      no-var
  246:2450    error    Unexpected var, use let or const instead                                      no-var
  247:1       error    '__d' is not defined                                                          no-undef
  247:94      warning  Expected an assignment or function call and instead saw an expression         no-unused-expressions
  247:221     error    Unexpected var, use let or const instead                                      no-var
  247:414     error    Unexpected var, use let or const instead                                      no-var
  247:533     warning  Expected an assignment or function call and instead saw an expression         no-unused-expressions
  247:593     error    Unexpected var, use let or const instead                                      no-var
  247:666     error    Unexpected var, use let or const instead                                      no-var
  247:975     error    Unexpected var, use let or const instead                                      no-var
  247:1004    error    Unexpected var, use let or const instead                                      no-var
  247:1022    warning  Expected an assignment or function call and instead saw an expression         no-unused-expressions
  247:1086    error    Unexpected var, use let or const instead                                      no-var
  247:1102    warning  Expected an assignment or function call and instead saw an expression         no-unused-expressions
  247:1159    warning  Expected an assignment or function call and instead saw an expression         no-unused-expressions
  247:1260    warning  Expected an assignment or function call and instead saw an expression         no-unused-expressions
  247:1350    error    Unexpected var, use let or const instead                                      no-var
  247:1394    warning  Expected an assignment or function call and instead saw an expression         no-unused-expressions
  247:1409    warning  Expected an assignment or function call and instead saw an expression         no-unused-expressions
  248:1       error    '__d' is not defined                                                          no-undef
  248:43      warning  Expected an assignment or function call and instead saw an expression         no-unused-expressions
  248:284     warning  Expected an assignment or function call and instead saw an expression         no-unused-expressions
  248:298     error    Unexpected var, use let or const instead                                      no-var
  248:656     warning  Expected an assignment or function call and instead saw an expression         no-unused-expressions
  248:738     error    Unexpected var, use let or const instead                                      no-var
  248:1162    error    Unexpected var, use let or const instead                                      no-var
  248:1219    warning  Expected an assignment or function call and instead saw an expression         no-unused-expressions
  248:1279    warning  Expected an assignment or function call and instead saw an expression         no-unused-expressions
  248:1419    warning  Expected an assignment or function call and instead saw an expression         no-unused-expressions
  249:1       error    '__d' is not defined                                                          no-undef
  249:43      warning  Expected an assignment or function call and instead saw an expression         no-unused-expressions
  249:131     error    Unexpected var, use let or const instead                                      no-var
  249:239     error    Unexpected var, use let or const instead                                      no-var
  249:300     error    Unexpected var, use let or const instead                                      no-var
  249:318     error    Unexpected var, use let or const instead                                      no-var
  249:344     error    Unexpected var, use let or const instead                                      no-var
  249:353     warning  Expected an assignment or function call and instead saw an expression         no-unused-expressions
  249:495     warning  'e' is defined but never used. Allowed unused caught errors must match /^_/u  no-unused-vars
  250:1       error    '__d' is not defined                                                          no-undef
  250:94      warning  Expected an assignment or function call and instead saw an expression         no-unused-expressions
  250:221     error    Unexpected var, use let or const instead                                      no-var
  250:277     error    Unexpected var, use let or const instead                                      no-var
  250:338     error    Unexpected var, use let or const instead                                      no-var
  250:353     warning  Expected an assignment or function call and instead saw an expression         no-unused-expressions
  250:398     error    Unexpected var, use let or const instead                                      no-var
  250:487     warning  Expected an assignment or function call and instead saw an expression         no-unused-expressions
  251:1       error    '__d' is not defined                                                          no-undef
  251:43      warning  Expected an assignment or function call and instead saw an expression         no-unused-expressions
  251:170     error    Unexpected var, use let or const instead                                      no-var
  251:248     error    Unexpected var, use let or const instead                                      no-var
  251:319     error    Unexpected var, use let or const instead                                      no-var
  252:1       error    '__d' is not defined                                                          no-undef
  252:42      warning  Expected an assignment or function call and instead saw an expression         no-unused-expressions
  252:167     error    Unexpected var, use let or const instead                                      no-var
  252:1129    error    Unexpected var, use let or const instead                                      no-var
  252:1250    warning  Expected an assignment or function call and instead saw an expression         no-unused-expressions
  252:1523    warning  Expected an assignment or function call and instead saw an expression         no-unused-expressions
  252:1772    error    Unexpected var, use let or const instead                                      no-var
  252:1786    warning  Expected an assignment or function call and instead saw an expression         no-unused-expressions
  252:2006    error    Unexpected var, use let or const instead                                      no-var
  252:2049    warning  Expected an assignment or function call and instead saw an expression         no-unused-expressions
  252:2155    error    Unexpected var, use let or const instead                                      no-var
  252:2313    error    Unexpected var, use let or const instead                                      no-var
  252:2382    warning  Expected an assignment or function call and instead saw an expression         no-unused-expressions
  252:2427    error    Unexpected var, use let or const instead                                      no-var
  252:2571    warning  Expected an assignment or function call and instead saw an expression         no-unused-expressions
  252:2659    error    Unexpected var, use let or const instead                                      no-var
  252:2764    error    Unexpected var, use let or const instead                                      no-var
  252:2824    warning  Expected an assignment or function call and instead saw an expression         no-unused-expressions
  252:2918    error    Unexpected var, use let or const instead                                      no-var
  252:2955    warning  Expected an assignment or function call and instead saw an expression         no-unused-expressions
  252:3153    error    Unexpected var, use let or const instead                                      no-var
  252:3202    error    Unexpected var, use let or const instead                                      no-var
  252:3404    warning  Expected an assignment or function call and instead saw an expression         no-unused-expressions
  252:3535    error    Unexpected var, use let or const instead                                      no-var
  252:3704    error    Unexpected var, use let or const instead                                      no-var
  252:3748    warning  Expected an assignment or function call and instead saw an expression         no-unused-expressions
  252:3932    error    Unexpected var, use let or const instead                                      no-var
  252:3980    warning  Expected an assignment or function call and instead saw an expression         no-unused-expressions
  252:4137    error    Unexpected var, use let or const instead                                      no-var
  252:4167    warning  Expected an assignment or function call and instead saw an expression         no-unused-expressions
  252:4568    error    Unexpected var, use let or const instead                                      no-var
  252:4599    warning  Expected an assignment or function call and instead saw an expression         no-unused-expressions
  252:4669    error    Unexpected var, use let or const instead                                      no-var
  252:4754    error    Unexpected var, use let or const instead                                      no-var
  252:4808    warning  Expected an assignment or function call and instead saw an expression         no-unused-expressions
  252:4915    error    Unexpected var, use let or const instead                                      no-var
  252:4976    warning  Expected an assignment or function call and instead saw an expression         no-unused-expressions
  252:5078    error    Unexpected var, use let or const instead                                      no-var
  252:5143    warning  Expected an assignment or function call and instead saw an expression         no-unused-expressions
  252:5172    error    Unexpected var, use let or const instead                                      no-var
  252:5208    warning  Expected an assignment or function call and instead saw an expression         no-unused-expressions
  252:5387    warning  Expected an assignment or function call and instead saw an expression         no-unused-expressions
  252:5526    warning  Expected an assignment or function call and instead saw an expression         no-unused-expressions
  252:5656    warning  Expected an assignment or function call and instead saw an expression         no-unused-expressions
  252:5865    error    Unexpected var, use let or const instead                                      no-var
  253:1       error    '__d' is not defined                                                          no-undef
  253:137     error    Unexpected var, use let or const instead                                      no-var
  253:191     error    Unexpected var, use let or const instead                                      no-var
  253:329     warning  Expected an assignment or function call and instead saw an expression         no-unused-expressions
  253:456     error    Unexpected var, use let or const instead                                      no-var
  253:1378    error    Unexpected var, use let or const instead                                      no-var
  253:2040    warning  Expected an assignment or function call and instead saw an expression         no-unused-expressions
  253:2519    error    Unexpected var, use let or const instead                                      no-var
  253:2543    warning  Expected an assignment or function call and instead saw an expression         no-unused-expressions
  253:2990    error    Unexpected var, use let or const instead                                      no-var
  253:3026    warning  Expected an assignment or function call and instead saw an expression         no-unused-expressions
  253:3126    error    Unexpected var, use let or const instead                                      no-var
  253:3184    error    Unexpected var, use let or const instead                                      no-var
  253:3316    error    Unexpected var, use let or const instead                                      no-var
  254:1       error    '__d' is not defined                                                          no-undef
  254:42      warning  Expected an assignment or function call and instead saw an expression         no-unused-expressions
  255:1       error    '__d' is not defined                                                          no-undef
  255:94      warning  Expected an assignment or function call and instead saw an expression         no-unused-expressions
  255:352     warning  Expected an assignment or function call and instead saw an expression         no-unused-expressions
  255:925     error    Unexpected var, use let or const instead                                      no-var
  256:1       error    '__d' is not defined                                                          no-undef
  256:43      warning  Expected an assignment or function call and instead saw an expression         no-unused-expressions
  256:170     error    Unexpected var, use let or const instead                                      no-var
  257:1       error    '__d' is not defined                                                          no-undef
  257:94      warning  Expected an assignment or function call and instead saw an expression         no-unused-expressions
  257:221     error    Unexpected var, use let or const instead                                      no-var
  258:1       error    '__d' is not defined                                                          no-undef
  258:95      warning  Expected an assignment or function call and instead saw an expression         no-unused-expressions
  258:222     error    Unexpected var, use let or const instead                                      no-var
  258:283     error    Unexpected var, use let or const instead                                      no-var
  258:337     error    Unexpected var, use let or const instead                                      no-var
  259:1       error    '__d' is not defined                                                          no-undef
  259:43      warning  Expected an assignment or function call and instead saw an expression         no-unused-expressions
  259:170     error    Unexpected var, use let or const instead                                      no-var
  260:1       error    '__d' is not defined                                                          no-undef
  260:95      warning  Expected an assignment or function call and instead saw an expression         no-unused-expressions
  260:222     error    Unexpected var, use let or const instead                                      no-var
  260:319     error    Unexpected var, use let or const instead                                      no-var
  260:380     error    Unexpected var, use let or const instead                                      no-var
  260:434     error    Unexpected var, use let or const instead                                      no-var
  260:1460    warning  Expected an assignment or function call and instead saw an expression         no-unused-expressions
  260:1559    error    Unexpected var, use let or const instead                                      no-var
  260:1602    error    Unexpected var, use let or const instead                                      no-var
  260:1624    error    Unexpected var, use let or const instead                                      no-var
  260:1651    error    Unexpected var, use let or const instead                                      no-var
  260:1736    error    Unexpected var, use let or const instead                                      no-var
  260:1846    error    Unexpected var, use let or const instead                                      no-var
  260:2210    error    Unexpected var, use let or const instead                                      no-var
  260:2275    error    Unexpected var, use let or const instead                                      no-var
  260:2440    error    Unexpected var, use let or const instead                                      no-var
  260:3174    warning  Expected an assignment or function call and instead saw an expression         no-unused-expressions
  260:3868    error    Unexpected var, use let or const instead                                      no-var
  260:4028    warning  Expected an assignment or function call and instead saw an expression         no-unused-expressions
  260:4393    error    Unexpected var, use let or const instead                                      no-var
  260:4561    error    Unexpected var, use let or const instead                                      no-var
  260:4699    error    Unexpected var, use let or const instead                                      no-var
  260:4743    error    Unexpected var, use let or const instead                                      no-var
  260:4757    warning  Expected an assignment or function call and instead saw an expression         no-unused-expressions
  260:4928    error    Unexpected var, use let or const instead                                      no-var
  260:5445    error    Unexpected var, use let or const instead                                      no-var
  261:1       error    '__d' is not defined                                                          no-undef
  261:42      warning  Expected an assignment or function call and instead saw an expression         no-unused-expressions
  261:167     error    Unexpected var, use let or const instead                                      no-var
  261:450     error    Unexpected var, use let or const instead                                      no-var
  261:494     error    Unexpected var, use let or const instead                                      no-var
  261:548     error    Unexpected var, use let or const instead                                      no-var
  261:592     error    Unexpected var, use let or const instead                                      no-var
  262:1       error    '__d' is not defined                                                          no-undef
  262:98      warning  Expected an assignment or function call and instead saw an expression         no-unused-expressions
  262:225     error    Unexpected var, use let or const instead                                      no-var
  262:573     error    Unexpected var, use let or const instead                                      no-var
  262:627     error    Unexpected var, use let or const instead                                      no-var
  262:1004    error    Unexpected var, use let or const instead                                      no-var
  262:1106    error    Unexpected var, use let or const instead                                      no-var
  262:1183    error    Unexpected var, use let or const instead                                      no-var
  262:1317    warning  Expected an assignment or function call and instead saw an expression         no-unused-expressions
  262:1683    error    Unexpected var, use let or const instead                                      no-var
  262:2482    error    Unexpected var, use let or const instead                                      no-var
  262:2652    warning  Expected an assignment or function call and instead saw an expression         no-unused-expressions
  262:2997    error    Unexpected var, use let or const instead                                      no-var
  262:3188    error    Unexpected var, use let or const instead                                      no-var
  262:3216    warning  Expected an assignment or function call and instead saw an expression         no-unused-expressions
  262:3584    warning  Expected an assignment or function call and instead saw an expression         no-unused-expressions
  262:4256    error    Unexpected var, use let or const instead                                      no-var
  262:4368    error    Unexpected var, use let or const instead                                      no-var
  262:4583    warning  Expected an assignment or function call and instead saw an expression         no-unused-expressions
  262:4794    error    Unexpected var, use let or const instead                                      no-var
  262:5686    error    Unexpected var, use let or const instead                                      no-var
  262:6250    error    Unexpected var, use let or const instead                                      no-var
  262:6377    warning  Expected an assignment or function call and instead saw an expression         no-unused-expressions
  262:6933    error    Unexpected var, use let or const instead                                      no-var
  262:7048    warning  Expected an assignment or function call and instead saw an expression         no-unused-expressions
  262:7410    warning  Expected an assignment or function call and instead saw an expression         no-unused-expressions
  262:7659    warning  Expected an assignment or function call and instead saw an expression         no-unused-expressions
  262:8292    error    Unexpected var, use let or const instead                                      no-var
  262:8505    warning  Expected an assignment or function call and instead saw an expression         no-unused-expressions
  262:8601    error    Unexpected var, use let or const instead                                      no-var
  262:8890    error    Unexpected var, use let or const instead                                      no-var
  262:8957    warning  Expected an assignment or function call and instead saw an expression         no-unused-expressions
  262:9016    error    Unexpected var, use let or const instead                                      no-var
  262:9104    warning  Expected an assignment or function call and instead saw an expression         no-unused-expressions
  262:9476    error    Unexpected var, use let or const instead                                      no-var
  262:9534    warning  Expected an assignment or function call and instead saw an expression         no-unused-expressions
  262:9890    warning  Expected an assignment or function call and instead saw an expression         no-unused-expressions
  262:10200   error    Unexpected var, use let or const instead                                      no-var
  262:10229   warning  Expected an assignment or function call and instead saw an expression         no-unused-expressions
  262:10401   warning  Expected an assignment or function call and instead saw an expression         no-unused-expressions
  262:10567   warning  Expected an assignment or function call and instead saw an expression         no-unused-expressions
  262:10784   warning  Expected an assignment or function call and instead saw an expression         no-unused-expressions
  262:10875   error    Unexpected var, use let or const instead                                      no-var
  262:11185   error    Unexpected var, use let or const instead                                      no-var
  262:11387   error    Unexpected var, use let or const instead                                      no-var
  262:11522   error    Unexpected var, use let or const instead                                      no-var
  262:11582   error    Unexpected var, use let or const instead                                      no-var
  262:11911   error    Unexpected var, use let or const instead                                      no-var
  262:12046   error    Unexpected var, use let or const instead                                      no-var
  262:12256   error    Unexpected var, use let or const instead                                      no-var
  262:12433   error    Unexpected var, use let or const instead                                      no-var
  262:12497   warning  Expected an assignment or function call and instead saw an expression         no-unused-expressions
  262:12549   error    Unexpected var, use let or const instead                                      no-var
  262:12612   warning  Expected an assignment or function call and instead saw an expression         no-unused-expressions
  262:13129   error    Unexpected var, use let or const instead                                      no-var
  262:13290   error    Unexpected var, use let or const instead                                      no-var
  262:13322   warning  Expected an assignment or function call and instead saw an expression         no-unused-expressions
  262:13428   error    Unexpected var, use let or const instead                                      no-var
  262:13760   error    Unexpected var, use let or const instead                                      no-var
  262:13846   error    Unexpected var, use let or const instead                                      no-var
  262:13937   error    Unexpected var, use let or const instead                                      no-var
  262:14059   error    Unexpected var, use let or const instead                                      no-var
  262:14188   error    Unexpected var, use let or const instead                                      no-var
  262:14269   warning  Expected an assignment or function call and instead saw an expression         no-unused-expressions
  262:14638   error    Unexpected var, use let or const instead                                      no-var
  262:14649   warning  Expected an assignment or function call and instead saw an expression         no-unused-expressions
  262:14906   error    Unexpected var, use let or const instead                                      no-var
  262:15100   error    Unexpected var, use let or const instead                                      no-var
  262:15142   error    Unexpected var, use let or const instead                                      no-var
  262:15188   error    Unexpected var, use let or const instead                                      no-var
  262:15269   error    Unexpected var, use let or const instead                                      no-var
  262:15315   error    Unexpected var, use let or const instead                                      no-var
  262:15436   error    Unexpected var, use let or const instead                                      no-var
  262:15679   error    Unexpected var, use let or const instead                                      no-var
  262:15809   error    Unexpected var, use let or const instead                                      no-var
  262:16040   error    Unexpected var, use let or const instead                                      no-var
  262:16260   warning  Expected an assignment or function call and instead saw an expression         no-unused-expressions
  262:16516   error    Unexpected var, use let or const instead                                      no-var
  262:16633   error    Unexpected var, use let or const instead                                      no-var
  262:16651   error    Unexpected var, use let or const instead                                      no-var
  262:16788   warning  Expected an assignment or function call and instead saw an expression         no-unused-expressions
  262:16952   warning  Expected an assignment or function call and instead saw an expression         no-unused-expressions
  262:17255   warning  Expected an assignment or function call and instead saw an expression         no-unused-expressions
  262:17718   error    Unexpected var, use let or const instead                                      no-var
  262:17863   error    Unexpected var, use let or const instead                                      no-var
  262:18121   error    Unexpected var, use let or const instead                                      no-var
  262:18138   error    Unexpected var, use let or const instead                                      no-var
  262:18182   warning  Expected an assignment or function call and instead saw an expression         no-unused-expressions
  262:18237   error    Unexpected var, use let or const instead                                      no-var
  262:18283   warning  Expected an assignment or function call and instead saw an expression         no-unused-expressions
  262:18734   error    Unexpected var, use let or const instead                                      no-var
  262:18896   error    Unexpected var, use let or const instead                                      no-var
  262:19042   error    Unexpected var, use let or const instead                                      no-var
  262:19192   error    Unexpected var, use let or const instead                                      no-var
  262:19491   error    Unexpected var, use let or const instead                                      no-var
  262:19765   error    Unexpected var, use let or const instead                                      no-var
  262:19811   error    Unexpected var, use let or const instead                                      no-var
  262:20005   warning  Expected an assignment or function call and instead saw an expression         no-unused-expressions
  262:20103   warning  Expected an assignment or function call and instead saw an expression         no-unused-expressions
  262:20117   error    Unexpected var, use let or const instead                                      no-var
  262:20247   error    Unexpected var, use let or const instead                                      no-var
  262:20321   error    Unexpected var, use let or const instead                                      no-var
  262:20675   warning  Expected an assignment or function call and instead saw an expression         no-unused-expressions
  262:20881   error    Unexpected var, use let or const instead                                      no-var
  262:21151   error    Unexpected var, use let or const instead                                      no-var
  262:21779   error    Unexpected var, use let or const instead                                      no-var
  262:22337   error    Unexpected var, use let or const instead                                      no-var
  262:22487   error    Unexpected var, use let or const instead                                      no-var
  262:22515   warning  Expected an assignment or function call and instead saw an expression         no-unused-expressions
  262:22725   warning  Expected an assignment or function call and instead saw an expression         no-unused-expressions
  262:23076   warning  Expected an assignment or function call and instead saw an expression         no-unused-expressions
  262:23217   error    Unexpected var, use let or const instead                                      no-var
  262:23289   warning  Expected an assignment or function call and instead saw an expression         no-unused-expressions
  262:23849   error    Unexpected var, use let or const instead                                      no-var
  262:23989   error    Unexpected var, use let or const instead                                      no-var
  262:24060   error    Unexpected var, use let or const instead                                      no-var
  262:24880   error    Unexpected var, use let or const instead                                      no-var
  262:25117   warning  Expected an assignment or function call and instead saw an expression         no-unused-expressions
  262:25145   error    Unexpected var, use let or const instead                                      no-var
  262:25191   warning  Expected an assignment or function call and instead saw an expression         no-unused-expressions
  262:25816   error    Unexpected var, use let or const instead                                      no-var
  262:26070   error    Unexpected var, use let or const instead                                      no-var
  262:26170   error    Unexpected var, use let or const instead                                      no-var
  262:26765   error    Unexpected var, use let or const instead                                      no-var
  263:1       error    '__d' is not defined                                                          no-undef
  263:44      warning  Expected an assignment or function call and instead saw an expression         no-unused-expressions
  263:171     error    Unexpected var, use let or const instead                                      no-var
  263:240     error    Unexpected var, use let or const instead                                      no-var
  263:433     error    Unexpected var, use let or const instead                                      no-var
  264:1       error    '__d' is not defined                                                          no-undef
  264:45      warning  Expected an assignment or function call and instead saw an expression         no-unused-expressions
  264:172     error    Unexpected var, use let or const instead                                      no-var
  264:294     error    Unexpected var, use let or const instead                                      no-var
  265:1       error    '__d' is not defined                                                          no-undef
  265:101     error    Unexpected var, use let or const instead                                      no-var
  265:147     warning  Expected an assignment or function call and instead saw an expression         no-unused-expressions
  266:1       error    '__d' is not defined                                                          no-undef
  266:94      warning  Expected an assignment or function call and instead saw an expression         no-unused-expressions
  266:221     error    Unexpected var, use let or const instead                                      no-var
  266:399     error    Unexpected var, use let or const instead                                      no-var
  266:417     warning  Expected an assignment or function call and instead saw an expression         no-unused-expressions
  266:548     error    Unexpected var, use let or const instead                                      no-var
  267:1       error    '__d' is not defined                                                          no-undef
  267:95      warning  Expected an assignment or function call and instead saw an expression         no-unused-expressions
  267:222     error    Unexpected var, use let or const instead                                      no-var
  267:325     error    Unexpected var, use let or const instead                                      no-var
  267:662     warning  Expected an assignment or function call and instead saw an expression         no-unused-expressions
  267:1197    error    Unexpected var, use let or const instead                                      no-var
  267:1217    warning  Expected an assignment or function call and instead saw an expression         no-unused-expressions
  267:1414    error    Unexpected var, use let or const instead                                      no-var
  267:1454    warning  Expected an assignment or function call and instead saw an expression         no-unused-expressions
  267:1757    warning  Expected an assignment or function call and instead saw an expression         no-unused-expressions
  267:1892    warning  Expected an assignment or function call and instead saw an expression         no-unused-expressions
  267:2329    warning  Expected an assignment or function call and instead saw an expression         no-unused-expressions
  267:2492    warning  Expected an assignment or function call and instead saw an expression         no-unused-expressions
  267:2642    warning  Expected an assignment or function call and instead saw an expression         no-unused-expressions
  267:3159    error    Unexpected var, use let or const instead                                      no-var
  267:3170    warning  Expected an assignment or function call and instead saw an expression         no-unused-expressions
  267:3195    error    Unexpected var, use let or const instead                                      no-var
  267:3240    warning  Expected an assignment or function call and instead saw an expression         no-unused-expressions
  267:3505    warning  Expected an assignment or function call and instead saw an expression         no-unused-expressions
  267:3783    error    Unexpected var, use let or const instead                                      no-var
  267:3896    error    Unexpected var, use let or const instead                                      no-var
  267:3936    warning  Expected an assignment or function call and instead saw an expression         no-unused-expressions
  267:4142    warning  Expected an assignment or function call and instead saw an expression         no-unused-expressions
  267:4274    warning  Expected an assignment or function call and instead saw an expression         no-unused-expressions
  267:4408    warning  Expected an assignment or function call and instead saw an expression         no-unused-expressions
  267:4542    warning  Expected an assignment or function call and instead saw an expression         no-unused-expressions
  267:5091    error    Unexpected var, use let or const instead                                      no-var
  267:5102    warning  Expected an assignment or function call and instead saw an expression         no-unused-expressions
  267:5211    error    Unexpected var, use let or const instead                                      no-var
  267:5414    error    Unexpected var, use let or const instead                                      no-var
  267:5522    warning  Expected an assignment or function call and instead saw an expression         no-unused-expressions
  267:5694    warning  Expected an assignment or function call and instead saw an expression         no-unused-expressions
  267:6542    error    Unexpected var, use let or const instead                                      no-var
  267:6825    error    Unexpected var, use let or const instead                                      no-var
  267:6910    error    Unexpected var, use let or const instead                                      no-var
  267:8477    error    Unexpected var, use let or const instead                                      no-var
  267:8617    error    Unexpected var, use let or const instead                                      no-var
  267:9392    error    Unexpected var, use let or const instead                                      no-var
  268:1       error    '__d' is not defined                                                          no-undef
  268:43      warning  Expected an assignment or function call and instead saw an expression         no-unused-expressions
  268:170     error    Unexpected var, use let or const instead                                      no-var
  269:1       error    '__d' is not defined                                                          no-undef
  269:43      warning  Expected an assignment or function call and instead saw an expression         no-unused-expressions
  269:170     error    Unexpected var, use let or const instead                                      no-var
  269:416     warning  Expected an assignment or function call and instead saw an expression         no-unused-expressions
  269:522     warning  Expected an assignment or function call and instead saw an expression         no-unused-expressions
  270:1       error    '__d' is not defined                                                          no-undef
  270:95      warning  Expected an assignment or function call and instead saw an expression         no-unused-expressions
  270:222     error    Unexpected var, use let or const instead                                      no-var
  270:297     error    Unexpected var, use let or const instead                                      no-var
  270:351     error    Unexpected var, use let or const instead                                      no-var
  270:1038    error    Unexpected var, use let or const instead                                      no-var
  270:1065    error    Unexpected var, use let or const instead                                      no-var
  270:1415    warning  Expected an assignment or function call and instead saw an expression         no-unused-expressions
  270:1459    warning  Expected an assignment or function call and instead saw an expression         no-unused-expressions
  270:1520    warning  Expected an assignment or function call and instead saw an expression         no-unused-expressions
  270:1556    error    Unexpected var, use let or const instead                                      no-var
  270:1651    error    Unexpected var, use let or const instead                                      no-var
  270:1661    warning  Expected an assignment or function call and instead saw an expression         no-unused-expressions
  271:1       error    '__d' is not defined                                                          no-undef
  271:42      error    Unexpected var, use let or const instead                                      no-var
  272:1       error    '__d' is not defined                                                          no-undef
  272:84      error    Unexpected var, use let or const instead                                      no-var
  272:103     warning  Expected an assignment or function call and instead saw an expression         no-unused-expressions
  273:1       error    '__d' is not defined                                                          no-undef
  273:43      warning  Expected an assignment or function call and instead saw an expression         no-unused-expressions
  273:170     error    Unexpected var, use let or const instead                                      no-var
  273:222     error    Unexpected var, use let or const instead                                      no-var
  273:251     warning  Expected an assignment or function call and instead saw an expression         no-unused-expressions
  273:293     warning  Expected an assignment or function call and instead saw an expression         no-unused-expressions
  273:447     error    Unexpected var, use let or const instead                                      no-var
  273:522     warning  Expected an assignment or function call and instead saw an expression         no-unused-expressions
  274:1       error    '__d' is not defined                                                          no-undef
  274:94      warning  Expected an assignment or function call and instead saw an expression         no-unused-expressions
  274:221     error    Unexpected var, use let or const instead                                      no-var
  274:407     error    Unexpected var, use let or const instead                                      no-var
  274:434     warning  Expected an assignment or function call and instead saw an expression         no-unused-expressions
  274:629     error    Unexpected var, use let or const instead                                      no-var
  274:684     warning  Expected an assignment or function call and instead saw an expression         no-unused-expressions
  274:966     error    Unexpected var, use let or const instead                                      no-var
  274:979     warning  Expected an assignment or function call and instead saw an expression         no-unused-expressions
  274:1028    error    Unexpected var, use let or const instead                                      no-var
  274:1152    error    Unexpected var, use let or const instead                                      no-var
  274:1243    warning  Expected an assignment or function call and instead saw an expression         no-unused-expressions
  274:1263    error    Unexpected var, use let or const instead                                      no-var
  275:1       error    '__d' is not defined                                                          no-undef
  275:94      warning  Expected an assignment or function call and instead saw an expression         no-unused-expressions
  275:221     error    Unexpected var, use let or const instead                                      no-var
  275:251     error    Unexpected var, use let or const instead                                      no-var
  275:278     error    Unexpected var, use let or const instead                                      no-var
  275:298     warning  Expected an assignment or function call and instead saw an expression         no-unused-expressions
  275:701     error    Unexpected var, use let or const instead                                      no-var
  275:744     error    Unexpected var, use let or const instead                                      no-var
  275:764     warning  Expected an assignment or function call and instead saw an expression         no-unused-expressions
  275:1077    error    Unexpected var, use let or const instead                                      no-var
  275:1245    error    Unexpected var, use let or const instead                                      no-var
  275:1338    warning  Expected an assignment or function call and instead saw an expression         no-unused-expressions
  276:1       error    '__d' is not defined                                                          no-undef
  276:43      warning  Expected an assignment or function call and instead saw an expression         no-unused-expressions
  276:258     error    Unexpected var, use let or const instead                                      no-var
  276:425     error    Unexpected var, use let or const instead                                      no-var
  277:1       error    '__d' is not defined                                                          no-undef
  277:42      warning  Expected an assignment or function call and instead saw an expression         no-unused-expressions
  277:167     error    Unexpected var, use let or const instead                                      no-var
  278:1       error    '__d' is not defined                                                          no-undef
  278:42      warning  Expected an assignment or function call and instead saw an expression         no-unused-expressions
  278:167     error    Unexpected var, use let or const instead                                      no-var
  279:1       error    '__d' is not defined                                                          no-undef
  279:95      warning  Expected an assignment or function call and instead saw an expression         no-unused-expressions
  279:229     error    Unexpected var, use let or const instead                                      no-var
  279:282     warning  Expected an assignment or function call and instead saw an expression         no-unused-expressions
  279:671     error    Unexpected var, use let or const instead                                      no-var
  279:780     error    Unexpected var, use let or const instead                                      no-var
  279:848     warning  Expected an assignment or function call and instead saw an expression         no-unused-expressions
  279:1036    error    Unexpected var, use let or const instead                                      no-var
  279:1362    error    Unexpected var, use let or const instead                                      no-var
  279:1402    error    Unexpected var, use let or const instead                                      no-var
  279:1484    warning  Expected an assignment or function call and instead saw an expression         no-unused-expressions
  280:1       error    '__d' is not defined                                                          no-undef
  280:94      warning  Expected an assignment or function call and instead saw an expression         no-unused-expressions
  280:221     error    Unexpected var, use let or const instead                                      no-var
  280:273     warning  Expected an assignment or function call and instead saw an expression         no-unused-expressions
  280:346     error    Unexpected var, use let or const instead                                      no-var
  280:442     error    Unexpected var, use let or const instead                                      no-var
  280:512     warning  Expected an assignment or function call and instead saw an expression         no-unused-expressions
  280:597     error    Unexpected var, use let or const instead                                      no-var
  280:634     warning  Expected an assignment or function call and instead saw an expression         no-unused-expressions
  280:733     error    Unexpected var, use let or const instead                                      no-var
  280:770     warning  Expected an assignment or function call and instead saw an expression         no-unused-expressions
  280:904     error    Unexpected var, use let or const instead                                      no-var
  280:979     error    Unexpected var, use let or const instead                                      no-var
  280:1065    error    Unexpected var, use let or const instead                                      no-var
  280:1200    error    Unexpected var, use let or const instead                                      no-var
  281:1       error    '__d' is not defined                                                          no-undef
  281:43      warning  Expected an assignment or function call and instead saw an expression         no-unused-expressions
  281:170     error    Unexpected var, use let or const instead                                      no-var
  281:244     warning  Expected an assignment or function call and instead saw an expression         no-unused-expressions
  281:473     error    Unexpected var, use let or const instead                                      no-var
  281:494     error    Unexpected var, use let or const instead                                      no-var
  281:740     warning  Expected an assignment or function call and instead saw an expression         no-unused-expressions
  281:1080    error    Unexpected var, use let or const instead                                      no-var
  281:1172    error    Unexpected var, use let or const instead                                      no-var
  281:1270    warning  Expected an assignment or function call and instead saw an expression         no-unused-expressions
  281:1434    error    Unexpected var, use let or const instead                                      no-var
  281:1492    warning  Expected an assignment or function call and instead saw an expression         no-unused-expressions
  281:1611    error    Unexpected var, use let or const instead                                      no-var
  281:1667    warning  Expected an assignment or function call and instead saw an expression         no-unused-expressions
  281:1909    error    Unexpected var, use let or const instead                                      no-var
  281:1986    warning  Expected an assignment or function call and instead saw an expression         no-unused-expressions
  281:2070    error    Unexpected var, use let or const instead                                      no-var
  281:2147    warning  Expected an assignment or function call and instead saw an expression         no-unused-expressions
  281:2214    error    Unexpected var, use let or const instead                                      no-var
  281:2270    error    Unexpected var, use let or const instead                                      no-var
  281:2592    warning  Expected an assignment or function call and instead saw an expression         no-unused-expressions
  282:1       error    '__d' is not defined                                                          no-undef
  282:44      warning  Expected an assignment or function call and instead saw an expression         no-unused-expressions
  282:171     error    Unexpected var, use let or const instead                                      no-var
  282:267     error    Unexpected var, use let or const instead                                      no-var
  282:321     error    Unexpected var, use let or const instead                                      no-var
  282:518     warning  Expected an assignment or function call and instead saw an expression         no-unused-expressions
  282:598     warning  Expected an assignment or function call and instead saw an expression         no-unused-expressions
  282:642     error    Unexpected var, use let or const instead                                      no-var
  282:799     error    Unexpected var, use let or const instead                                      no-var
  282:836     warning  Expected an assignment or function call and instead saw an expression         no-unused-expressions
  283:1       error    '__d' is not defined                                                          no-undef
  283:94      warning  Expected an assignment or function call and instead saw an expression         no-unused-expressions
  283:221     error    Unexpected var, use let or const instead                                      no-var
  283:309     error    Unexpected var, use let or const instead                                      no-var
  283:368     error    Unexpected var, use let or const instead                                      no-var
  283:464     error    Unexpected var, use let or const instead                                      no-var
  283:491     warning  Expected an assignment or function call and instead saw an expression         no-unused-expressions
  283:733     error    Unexpected var, use let or const instead                                      no-var
  283:894     warning  Expected '!==' and instead saw '!='                                           eqeqeq
  283:997     error    Unexpected var, use let or const instead                                      no-var
  283:1024    error    Unexpected var, use let or const instead                                      no-var
  283:1202    error    Unexpected var, use let or const instead                                      no-var
  283:1220    error    Unexpected var, use let or const instead                                      no-var
  283:1239    error    Unexpected var, use let or const instead                                      no-var
  283:1281    warning  Expected an assignment or function call and instead saw an expression         no-unused-expressions
  283:1371    error    Unexpected var, use let or const instead                                      no-var
  283:1475    error    Unexpected var, use let or const instead                                      no-var
  283:1675    error    Unexpected var, use let or const instead                                      no-var
  283:1697    warning  Expected an assignment or function call and instead saw an expression         no-unused-expressions
  283:2000    error    Unexpected var, use let or const instead                                      no-var
  283:2048    error    Unexpected var, use let or const instead                                      no-var
  283:2123    error    Unexpected var, use let or const instead                                      no-var
  283:2175    error    Unexpected var, use let or const instead                                      no-var
  283:2216    error    Unexpected var, use let or const instead                                      no-var
  283:2316    warning  Expected an assignment or function call and instead saw an expression         no-unused-expressions
  284:1       error    '__d' is not defined                                                          no-undef
  284:95      warning  Expected an assignment or function call and instead saw an expression         no-unused-expressions
  284:222     error    Unexpected var, use let or const instead                                      no-var
  284:350     error    Unexpected var, use let or const instead                                      no-var
  284:404     error    Unexpected var, use let or const instead                                      no-var
  284:596     warning  Expected an assignment or function call and instead saw an expression         no-unused-expressions
  284:722     error    Unexpected var, use let or const instead                                      no-var
  284:839     error    Unexpected var, use let or const instead                                      no-var
  284:959     error    Unexpected var, use let or const instead                                      no-var
  284:1906    error    Unexpected var, use let or const instead                                      no-var
  284:2596    error    Unexpected var, use let or const instead                                      no-var
  285:1       error    '__d' is not defined                                                          no-undef
  285:44      warning  Expected an assignment or function call and instead saw an expression         no-unused-expressions
  285:232     error    Unexpected var, use let or const instead                                      no-var
  285:346     error    Unexpected var, use let or const instead                                      no-var
  285:831     error    Unexpected var, use let or const instead                                      no-var
  285:1020    error    Unexpected var, use let or const instead                                      no-var
  285:1127    error    Unexpected var, use let or const instead                                      no-var
  285:1181    error    Unexpected var, use let or const instead                                      no-var
  286:1       error    '__d' is not defined                                                          no-undef
  286:84      error    Unexpected var, use let or const instead                                      no-var
  286:141     error    Unexpected var, use let or const instead                                      no-var
  286:169     error    Unexpected var, use let or const instead                                      no-var
  286:415     warning  Expected an assignment or function call and instead saw an expression         no-unused-expressions
  286:565     error    Unexpected var, use let or const instead                                      no-var
  286:627     error    Unexpected var, use let or const instead                                      no-var
  286:877     error    Unexpected var, use let or const instead                                      no-var
  286:930     warning  Expected an assignment or function call and instead saw an expression         no-unused-expressions
  286:1016    error    Unexpected var, use let or const instead                                      no-var
  286:1069    error    Unexpected var, use let or const instead                                      no-var
  286:1177    warning  Expected an assignment or function call and instead saw an expression         no-unused-expressions
  287:1       error    '__d' is not defined                                                          no-undef
  287:78      error    Unexpected var, use let or const instead                                      no-var
  287:152     warning  Expected an assignment or function call and instead saw an expression         no-unused-expressions
  288:1       error    '__d' is not defined                                                          no-undef
  288:44      warning  Expected an assignment or function call and instead saw an expression         no-unused-expressions
  288:169     error    Unexpected var, use let or const instead                                      no-var
  288:228     warning  Expected '!==' and instead saw '!='                                           eqeqeq
  288:331     error    Unexpected var, use let or const instead                                      no-var
  288:423     error    Unexpected var, use let or const instead                                      no-var
  288:451     error    Unexpected var, use let or const instead                                      no-var
  288:566     error    Unexpected var, use let or const instead                                      no-var
  289:1       error    '__d' is not defined                                                          no-undef
  289:95      warning  Expected an assignment or function call and instead saw an expression         no-unused-expressions
  289:222     error    Unexpected var, use let or const instead                                      no-var
  289:282     warning  Expected an assignment or function call and instead saw an expression         no-unused-expressions
  289:300     error    Unexpected var, use let or const instead                                      no-var
  289:347     error    Unexpected var, use let or const instead                                      no-var
  289:401     error    Unexpected var, use let or const instead                                      no-var
  289:605     error    Unexpected var, use let or const instead                                      no-var
  290:1       error    '__d' is not defined                                                          no-undef
  290:94      warning  Expected an assignment or function call and instead saw an expression         no-unused-expressions
  290:221     error    Unexpected var, use let or const instead                                      no-var
  290:324     error    Unexpected var, use let or const instead                                      no-var
  290:467     error    Unexpected var, use let or const instead                                      no-var
  290:495     warning  Expected an assignment or function call and instead saw an expression         no-unused-expressions
  290:534     error    Unexpected var, use let or const instead                                      no-var
  290:554     error    Unexpected var, use let or const instead                                      no-var
  290:566     error    Unexpected var, use let or const instead                                      no-var
  290:577     warning  Expected an assignment or function call and instead saw an expression         no-unused-expressions
  290:683     error    Unexpected var, use let or const instead                                      no-var
  290:711     error    Unexpected var, use let or const instead                                      no-var
  290:894     error    Unexpected var, use let or const instead                                      no-var
  290:938     warning  Expected an assignment or function call and instead saw an expression         no-unused-expressions
  290:1096    error    Unexpected var, use let or const instead                                      no-var
  290:1112    warning  Expected an assignment or function call and instead saw an expression         no-unused-expressions
  290:1178    warning  Expected an assignment or function call and instead saw an expression         no-unused-expressions
  291:1       error    '__d' is not defined                                                          no-undef
  291:94      warning  Expected an assignment or function call and instead saw an expression         no-unused-expressions
  291:221     error    Unexpected var, use let or const instead                                      no-var
  291:343     warning  Expected an assignment or function call and instead saw an expression         no-unused-expressions
  291:477     error    Unexpected var, use let or const instead                                      no-var
  291:490     error    Unexpected var, use let or const instead                                      no-var
  291:512     error    Unexpected var, use let or const instead                                      no-var
  291:533     warning  Expected an assignment or function call and instead saw an expression         no-unused-expressions
  291:707     error    Unexpected var, use let or const instead                                      no-var
  291:720     error    Unexpected var, use let or const instead                                      no-var
  291:742     error    Unexpected var, use let or const instead                                      no-var
  291:841     error    Unexpected var, use let or const instead                                      no-var
  291:863     error    Unexpected var, use let or const instead                                      no-var
  291:943     error    Unexpected var, use let or const instead                                      no-var
  291:1058    error    Unexpected var, use let or const instead                                      no-var
  291:1208    error    Unexpected var, use let or const instead                                      no-var
  291:1249    error    Unexpected var, use let or const instead                                      no-var
  291:1378    warning  Expected an assignment or function call and instead saw an expression         no-unused-expressions
  291:1567    error    Unexpected var, use let or const instead                                      no-var
  291:1592    warning  Expected an assignment or function call and instead saw an expression         no-unused-expressions
  291:1831    error    Unexpected var, use let or const instead                                      no-var
  291:1856    warning  Expected an assignment or function call and instead saw an expression         no-unused-expressions
  291:2121    error    Unexpected var, use let or const instead                                      no-var
  291:2134    error    Unexpected var, use let or const instead                                      no-var
  291:2156    error    Unexpected var, use let or const instead                                      no-var
  291:2177    warning  Expected an assignment or function call and instead saw an expression         no-unused-expressions
  291:2274    error    Unexpected var, use let or const instead                                      no-var
  292:1       error    '__d' is not defined                                                          no-undef
  292:94      warning  Expected an assignment or function call and instead saw an expression         no-unused-expressions
  292:250     error    Unexpected var, use let or const instead                                      no-var
  292:315     error    Unexpected var, use let or const instead                                      no-var
  292:360     warning  Expected an assignment or function call and instead saw an expression         no-unused-expressions
  292:472     error    Unexpected var, use let or const instead                                      no-var
  292:852     warning  Expected an assignment or function call and instead saw an expression         no-unused-expressions
  292:1288    warning  Expected an assignment or function call and instead saw an expression         no-unused-expressions
  292:1426    warning  Expected an assignment or function call and instead saw an expression         no-unused-expressions
  292:1571    error    Unexpected var, use let or const instead                                      no-var
  292:1650    error    Unexpected var, use let or const instead                                      no-var
  292:1718    error    Unexpected var, use let or const instead                                      no-var
  292:1825    error    Unexpected var, use let or const instead                                      no-var
  292:1852    warning  Expected an assignment or function call and instead saw an expression         no-unused-expressions
  292:1947    error    Unexpected var, use let or const instead                                      no-var
  293:1       error    '__d' is not defined                                                          no-undef
  293:94      warning  Expected an assignment or function call and instead saw an expression         no-unused-expressions
  293:221     error    Unexpected var, use let or const instead                                      no-var
  293:433     warning  Expected an assignment or function call and instead saw an expression         no-unused-expressions
  293:556     warning  Expected an assignment or function call and instead saw an expression         no-unused-expressions
  293:734     error    Unexpected var, use let or const instead                                      no-var
  293:742     warning  Expected an assignment or function call and instead saw an expression         no-unused-expressions
  293:1028    warning  Expected an assignment or function call and instead saw an expression         no-unused-expressions
  293:1125    warning  Expected an assignment or function call and instead saw an expression         no-unused-expressions
  293:1250    warning  Expected an assignment or function call and instead saw an expression         no-unused-expressions
  293:1375    warning  Expected an assignment or function call and instead saw an expression         no-unused-expressions
  293:1552    warning  Expected an assignment or function call and instead saw an expression         no-unused-expressions
  293:1805    error    Unexpected var, use let or const instead                                      no-var
  293:1875    error    Unexpected var, use let or const instead                                      no-var
  293:1897    warning  Expected an assignment or function call and instead saw an expression         no-unused-expressions
  293:2008    warning  Expected an assignment or function call and instead saw an expression         no-unused-expressions
  293:2107    warning  Expected an assignment or function call and instead saw an expression         no-unused-expressions
  293:2178    warning  Expected an assignment or function call and instead saw an expression         no-unused-expressions
  293:2358    error    Unexpected var, use let or const instead                                      no-var
  293:2366    warning  Expected an assignment or function call and instead saw an expression         no-unused-expressions
  293:2416    warning  Expected an assignment or function call and instead saw an expression         no-unused-expressions
  293:2634    error    Unexpected var, use let or const instead                                      no-var
  294:1       error    '__d' is not defined                                                          no-undef
  294:98      warning  Expected an assignment or function call and instead saw an expression         no-unused-expressions
  294:225     error    Unexpected var, use let or const instead                                      no-var
  294:384     error    Unexpected var, use let or const instead                                      no-var
  294:444     warning  Expected an assignment or function call and instead saw an expression         no-unused-expressions
  294:533     error    Unexpected var, use let or const instead                                      no-var
  294:738     error    Unexpected var, use let or const instead                                      no-var
  294:822     error    Unexpected var, use let or const instead                                      no-var
  294:1073    error    Unexpected var, use let or const instead                                      no-var
  294:1238    error    Unexpected var, use let or const instead                                      no-var
  294:1303    error    Unexpected var, use let or const instead                                      no-var
  294:1323    warning  Expected an assignment or function call and instead saw an expression         no-unused-expressions
  294:1383    error    Unexpected var, use let or const instead                                      no-var
  294:1474    error    Unexpected var, use let or const instead                                      no-var
  294:1627    error    Unexpected var, use let or const instead                                      no-var
  294:1662    error    Unexpected var, use let or const instead                                      no-var
  294:1764    error    Unexpected var, use let or const instead                                      no-var
  294:1899    error    Unexpected var, use let or const instead                                      no-var
  294:1997    warning  Expected an assignment or function call and instead saw an expression         no-unused-expressions
  294:2076    warning  Expected an assignment or function call and instead saw an expression         no-unused-expressions
  294:2140    error    Unexpected var, use let or const instead                                      no-var
  294:2376    warning  Expected an assignment or function call and instead saw an expression         no-unused-expressions
  294:2829    error    Unexpected var, use let or const instead                                      no-var
  295:1       error    '__d' is not defined                                                          no-undef
  295:94      warning  Expected an assignment or function call and instead saw an expression         no-unused-expressions
  295:221     error    Unexpected var, use let or const instead                                      no-var
  295:304     warning  Expected an assignment or function call and instead saw an expression         no-unused-expressions
  295:390     error    Unexpected var, use let or const instead                                      no-var
  295:444     error    Unexpected var, use let or const instead                                      no-var
  295:458     warning  Expected an assignment or function call and instead saw an expression         no-unused-expressions
  295:590     warning  Expected an assignment or function call and instead saw an expression         no-unused-expressions
  295:812     error    Unexpected var, use let or const instead                                      no-var
  295:844     warning  Expected an assignment or function call and instead saw an expression         no-unused-expressions
  295:1200    error    Unexpected var, use let or const instead                                      no-var
  295:1254    error    Unexpected var, use let or const instead                                      no-var
  295:1318    error    Unexpected var, use let or const instead                                      no-var
  296:1       error    '__d' is not defined                                                          no-undef
  296:94      warning  Expected an assignment or function call and instead saw an expression         no-unused-expressions
  296:221     error    Unexpected var, use let or const instead                                      no-var
  296:271     error    Unexpected var, use let or const instead                                      no-var
  296:306     warning  Expected an assignment or function call and instead saw an expression         no-unused-expressions
  296:678     warning  Expected an assignment or function call and instead saw an expression         no-unused-expressions
  296:780     error    Unexpected var, use let or const instead                                      no-var
  296:906     warning  Expected an assignment or function call and instead saw an expression         no-unused-expressions
  296:1035    warning  Expected an assignment or function call and instead saw an expression         no-unused-expressions
  296:1211    warning  Expected an assignment or function call and instead saw an expression         no-unused-expressions
  296:1756    error    Unexpected var, use let or const instead                                      no-var
  296:1849    warning  Expected an assignment or function call and instead saw an expression         no-unused-expressions
  296:2046    error    Unexpected var, use let or const instead                                      no-var
  296:2052    warning  Expected an assignment or function call and instead saw an expression         no-unused-expressions
  296:2183    error    Unexpected var, use let or const instead                                      no-var
  296:2308    error    Unexpected var, use let or const instead                                      no-var
  296:2339    warning  Expected an assignment or function call and instead saw an expression         no-unused-expressions
  297:1       error    '__d' is not defined                                                          no-undef
  297:94      warning  Expected an assignment or function call and instead saw an expression         no-unused-expressions
  297:1680    error    Unexpected var, use let or const instead                                      no-var
  297:1718    error    Unexpected var, use let or const instead                                      no-var
  297:1743    error    Unexpected var, use let or const instead                                      no-var
  297:1781    error    Unexpected var, use let or const instead                                      no-var
  297:1864    warning  Expected an assignment or function call and instead saw an expression         no-unused-expressions
  297:1993    warning  Expected an assignment or function call and instead saw an expression         no-unused-expressions
  297:2111    warning  Expected an assignment or function call and instead saw an expression         no-unused-expressions
  297:2184    warning  Expected an assignment or function call and instead saw an expression         no-unused-expressions
  297:2410    error    Unexpected var, use let or const instead                                      no-var
  297:2488    warning  Expected an assignment or function call and instead saw an expression         no-unused-expressions
  297:2566    warning  Expected an assignment or function call and instead saw an expression         no-unused-expressions
  297:2814    warning  Expected an assignment or function call and instead saw an expression         no-unused-expressions
  297:2975    warning  Expected an assignment or function call and instead saw an expression         no-unused-expressions
  297:3125    warning  Expected an assignment or function call and instead saw an expression         no-unused-expressions
  297:3268    warning  Expected an assignment or function call and instead saw an expression         no-unused-expressions
  297:3413    warning  Expected an assignment or function call and instead saw an expression         no-unused-expressions
  297:3546    warning  Expected an assignment or function call and instead saw an expression         no-unused-expressions
  297:3677    warning  Expected an assignment or function call and instead saw an expression         no-unused-expressions
  297:3818    warning  Expected an assignment or function call and instead saw an expression         no-unused-expressions
  297:3962    warning  Expected an assignment or function call and instead saw an expression         no-unused-expressions
  297:4108    warning  Expected an assignment or function call and instead saw an expression         no-unused-expressions
  297:4256    warning  Expected an assignment or function call and instead saw an expression         no-unused-expressions
  297:4411    warning  Expected an assignment or function call and instead saw an expression         no-unused-expressions
  297:4559    warning  Expected an assignment or function call and instead saw an expression         no-unused-expressions
  297:4721    warning  Expected an assignment or function call and instead saw an expression         no-unused-expressions
  297:4859    warning  Expected an assignment or function call and instead saw an expression         no-unused-expressions
  297:5003    warning  Expected an assignment or function call and instead saw an expression         no-unused-expressions
  297:6268    error    Unexpected var, use let or const instead                                      no-var
  297:6391    error    Unexpected var, use let or const instead                                      no-var
  297:6624    error    Unexpected var, use let or const instead                                      no-var
  297:7354    error    Unexpected var, use let or const instead                                      no-var
  298:1       error    '__d' is not defined                                                          no-undef
  298:44      warning  Expected an assignment or function call and instead saw an expression         no-unused-expressions
  298:171     error    Unexpected var, use let or const instead                                      no-var
  298:218     error    Unexpected var, use let or const instead                                      no-var
  298:272     error    Unexpected var, use let or const instead                                      no-var
  299:1       error    '__d' is not defined                                                          no-undef
  299:43      warning  Expected an assignment or function call and instead saw an expression         no-unused-expressions
  299:130     error    Unexpected var, use let or const instead                                      no-var
  299:312     error    Unexpected var, use let or const instead                                      no-var
  300:1       error    '__d' is not defined                                                          no-undef
  300:44      warning  Expected an assignment or function call and instead saw an expression         no-unused-expressions
  300:171     error    Unexpected var, use let or const instead                                      no-var
  300:218     error    Unexpected var, use let or const instead                                      no-var
  300:272     error    Unexpected var, use let or const instead                                      no-var
  301:1       error    '__d' is not defined                                                          no-undef
  301:43      warning  Expected an assignment or function call and instead saw an expression         no-unused-expressions
  301:170     error    Unexpected var, use let or const instead                                      no-var
  302:1       error    '__d' is not defined                                                          no-undef
  302:42      warning  Expected an assignment or function call and instead saw an expression         no-unused-expressions
  302:167     error    Unexpected var, use let or const instead                                      no-var
  303:1       error    '__d' is not defined                                                          no-undef
  303:94      warning  Expected an assignment or function call and instead saw an expression         no-unused-expressions
  303:221     error    Unexpected var, use let or const instead                                      no-var
  303:320     error    Unexpected var, use let or const instead                                      no-var
  303:340     error    Unexpected var, use let or const instead                                      no-var
  303:352     error    Unexpected var, use let or const instead                                      no-var
  303:363     warning  Expected an assignment or function call and instead saw an expression         no-unused-expressions
  303:553     warning  Expected an assignment or function call and instead saw an expression         no-unused-expressions
  303:623     error    Unexpected var, use let or const instead                                      no-var
  303:636     error    Unexpected var, use let or const instead                                      no-var
  303:648     error    Unexpected var, use let or const instead                                      no-var
  303:659     warning  Expected an assignment or function call and instead saw an expression         no-unused-expressions
  303:924     error    Unexpected var, use let or const instead                                      no-var
  303:937     error    Unexpected var, use let or const instead                                      no-var
  303:949     error    Unexpected var, use let or const instead                                      no-var
  303:960     warning  Expected an assignment or function call and instead saw an expression         no-unused-expressions
  303:1200    error    Unexpected var, use let or const instead                                      no-var
  303:1222    error    Unexpected var, use let or const instead                                      no-var
  303:1302    error    Unexpected var, use let or const instead                                      no-var
  303:1324    error    Unexpected var, use let or const instead                                      no-var
  303:1427    error    Unexpected var, use let or const instead                                      no-var
  303:1449    error    Unexpected var, use let or const instead                                      no-var
  303:1552    error    Unexpected var, use let or const instead                                      no-var
  303:1565    error    Unexpected var, use let or const instead                                      no-var
  303:1625    error    Unexpected var, use let or const instead                                      no-var
  303:1646    warning  Expected an assignment or function call and instead saw an expression         no-unused-expressions
  303:1746    error    Unexpected var, use let or const instead                                      no-var
  304:1       error    '__d' is not defined                                                          no-undef
  304:94      warning  Expected an assignment or function call and instead saw an expression         no-unused-expressions
  304:221     error    Unexpected var, use let or const instead                                      no-var
  304:305     warning  Expected an assignment or function call and instead saw an expression         no-unused-expressions
  304:347     warning  Expected an assignment or function call and instead saw an expression         no-unused-expressions
  304:380     error    Unexpected var, use let or const instead                                      no-var
  304:392     error    Unexpected var, use let or const instead                                      no-var
  304:513     error    Unexpected var, use let or const instead                                      no-var
  304:526     error    Unexpected var, use let or const instead                                      no-var
  304:538     error    Unexpected var, use let or const instead                                      no-var
  304:549     warning  Expected an assignment or function call and instead saw an expression         no-unused-expressions
  304:663     error    Unexpected var, use let or const instead                                      no-var
  304:676     error    Unexpected var, use let or const instead                                      no-var
  304:688     error    Unexpected var, use let or const instead                                      no-var
  304:699     warning  Expected an assignment or function call and instead saw an expression         no-unused-expressions
  304:812     error    Unexpected var, use let or const instead                                      no-var
  304:824     error    Unexpected var, use let or const instead                                      no-var
  304:892     warning  Expected an assignment or function call and instead saw an expression         no-unused-expressions
  304:925     error    Unexpected var, use let or const instead                                      no-var
  304:937     error    Unexpected var, use let or const instead                                      no-var
  304:1034    error    Unexpected var, use let or const instead                                      no-var
  304:1083    error    Unexpected var, use let or const instead                                      no-var
  304:1095    error    Unexpected var, use let or const instead                                      no-var
  304:1106    warning  Expected an assignment or function call and instead saw an expression         no-unused-expressions
  304:1332    error    Unexpected var, use let or const instead                                      no-var
  305:1       error    '__d' is not defined                                                          no-undef
  305:42      warning  Expected an assignment or function call and instead saw an expression         no-unused-expressions
  305:167     error    Unexpected var, use let or const instead                                      no-var
  305:195     error    Unexpected var, use let or const instead                                      no-var
  305:250     warning  Expected an assignment or function call and instead saw an expression         no-unused-expressions
  306:1       error    '__d' is not defined                                                          no-undef
  306:42      warning  Expected an assignment or function call and instead saw an expression         no-unused-expressions
  306:167     error    Unexpected var, use let or const instead                                      no-var
  306:198     error    Unexpected var, use let or const instead                                      no-var
  306:298     error    Unexpected var, use let or const instead                                      no-var
  306:326     error    Unexpected var, use let or const instead                                      no-var
  306:337     warning  Expected an assignment or function call and instead saw an expression         no-unused-expressions
  307:1       error    '__d' is not defined                                                          no-undef
  307:94      warning  Expected an assignment or function call and instead saw an expression         no-unused-expressions
  307:229     error    Unexpected var, use let or const instead                                      no-var
  308:1       error    '__d' is not defined                                                          no-undef
  308:95      warning  Expected an assignment or function call and instead saw an expression         no-unused-expressions
  308:222     error    Unexpected var, use let or const instead                                      no-var
  308:311     error    Unexpected var, use let or const instead                                      no-var
  308:365     error    Unexpected var, use let or const instead                                      no-var
  308:1231    error    Unexpected var, use let or const instead                                      no-var
  308:1315    warning  Expected an assignment or function call and instead saw an expression         no-unused-expressions
  308:1561    error    Unexpected var, use let or const instead                                      no-var
  308:1623    error    Unexpected var, use let or const instead                                      no-var
  308:1814    error    Unexpected var, use let or const instead                                      no-var
  308:1982    error    Unexpected var, use let or const instead                                      no-var
  308:2016    error    Unexpected var, use let or const instead                                      no-var
  308:2168    error    Unexpected var, use let or const instead                                      no-var
  308:2208    error    Unexpected var, use let or const instead                                      no-var
  308:2288    error    Unexpected var, use let or const instead                                      no-var
  308:2369    warning  Expected an assignment or function call and instead saw an expression         no-unused-expressions
  308:2435    error    Unexpected var, use let or const instead                                      no-var
  308:2458    error    Unexpected var, use let or const instead                                      no-var
  308:2519    error    Unexpected var, use let or const instead                                      no-var
  308:2546    error    Unexpected var, use let or const instead                                      no-var
  308:2789    error    Unexpected var, use let or const instead                                      no-var
  308:3219    error    Unexpected var, use let or const instead                                      no-var
  308:3306    error    Unexpected var, use let or const instead                                      no-var
  308:3490    error    Unexpected var, use let or const instead                                      no-var
  308:3539    warning  Expected an assignment or function call and instead saw an expression         no-unused-expressions
  308:3674    warning  Expected an assignment or function call and instead saw an expression         no-unused-expressions
  308:3706    warning  Expected an assignment or function call and instead saw an expression         no-unused-expressions
  308:3926    error    Unexpected var, use let or const instead                                      no-var
  308:3953    warning  Expected an assignment or function call and instead saw an expression         no-unused-expressions
  308:4231    error    Unexpected var, use let or const instead                                      no-var
  308:4239    warning  Expected an assignment or function call and instead saw an expression         no-unused-expressions
  308:4401    error    Unexpected var, use let or const instead                                      no-var
  309:1       error    '__d' is not defined                                                          no-undef
  310:1       error    '__d' is not defined                                                          no-undef
  310:43      warning  Expected an assignment or function call and instead saw an expression         no-unused-expressions
  310:253     error    Unexpected var, use let or const instead                                      no-var
  310:290     error    Unexpected var, use let or const instead                                      no-var
  310:353     error    Unexpected var, use let or const instead                                      no-var
  310:383     warning  Expected an assignment or function call and instead saw an expression         no-unused-expressions
  310:487     error    Unexpected var, use let or const instead                                      no-var
  310:504     warning  Expected an assignment or function call and instead saw an expression         no-unused-expressions
  310:576     error    Unexpected var, use let or const instead                                      no-var
  310:614     warning  Expected an assignment or function call and instead saw an expression         no-unused-expressions
  310:659     error    Unexpected var, use let or const instead                                      no-var
  310:670     warning  Expected an assignment or function call and instead saw an expression         no-unused-expressions
  310:762     warning  Expected an assignment or function call and instead saw an expression         no-unused-expressions
  310:798     error    Unexpected var, use let or const instead                                      no-var
  310:823     error    Unexpected var, use let or const instead                                      no-var
  310:837     warning  Expected an assignment or function call and instead saw an expression         no-unused-expressions
  310:909     error    Unexpected var, use let or const instead                                      no-var
  310:988     warning  Expected an assignment or function call and instead saw an expression         no-unused-expressions
  310:1031    error    Unexpected var, use let or const instead                                      no-var
  310:1051    error    Unexpected var, use let or const instead                                      no-var
  310:1090    warning  Expected an assignment or function call and instead saw an expression         no-unused-expressions
  310:1110    warning  Expected an assignment or function call and instead saw an expression         no-unused-expressions
  310:1178    error    Unexpected var, use let or const instead                                      no-var
  310:1233    error    Unexpected var, use let or const instead                                      no-var
  310:1262    warning  Expected an assignment or function call and instead saw an expression         no-unused-expressions
  310:1395    warning  Expected an assignment or function call and instead saw an expression         no-unused-expressions
  310:1440    error    Unexpected var, use let or const instead                                      no-var
  311:1       error    '__d' is not defined                                                          no-undef
  311:43      warning  Expected an assignment or function call and instead saw an expression         no-unused-expressions
  311:170     error    Unexpected var, use let or const instead                                      no-var
  311:447     error    Unexpected var, use let or const instead                                      no-var
  312:1       error    '__d' is not defined                                                          no-undef
  312:95      warning  Expected an assignment or function call and instead saw an expression         no-unused-expressions
  312:222     error    Unexpected var, use let or const instead                                      no-var
  312:283     error    Unexpected var, use let or const instead                                      no-var
  312:337     error    Unexpected var, use let or const instead                                      no-var
  313:1       error    '__d' is not defined                                                          no-undef
  313:95      warning  Expected an assignment or function call and instead saw an expression         no-unused-expressions
  313:222     error    Unexpected var, use let or const instead                                      no-var
  313:283     error    Unexpected var, use let or const instead                                      no-var
  313:337     error    Unexpected var, use let or const instead                                      no-var
  314:1       error    '__d' is not defined                                                          no-undef
  314:43      warning  Expected an assignment or function call and instead saw an expression         no-unused-expressions
  314:170     error    Unexpected var, use let or const instead                                      no-var
  315:1       error    '__d' is not defined                                                          no-undef
  315:95      warning  Expected an assignment or function call and instead saw an expression         no-unused-expressions
  315:222     error    Unexpected var, use let or const instead                                      no-var
  315:263     error    Unexpected var, use let or const instead                                      no-var
  315:310     error    Unexpected var, use let or const instead                                      no-var
  315:364     error    Unexpected var, use let or const instead                                      no-var
  315:608     warning  Expected an assignment or function call and instead saw an expression         no-unused-expressions
  315:782     error    Unexpected var, use let or const instead                                      no-var
  315:893     error    Unexpected var, use let or const instead                                      no-var
  315:1005    error    Unexpected var, use let or const instead                                      no-var
  315:1122    error    Unexpected var, use let or const instead                                      no-var
  315:1227    error    Unexpected var, use let or const instead                                      no-var
  316:1       error    '__d' is not defined                                                          no-undef
  316:96      warning  Expected an assignment or function call and instead saw an expression         no-unused-expressions
  316:223     error    Unexpected var, use let or const instead                                      no-var
  316:379     error    Unexpected var, use let or const instead                                      no-var
  316:433     error    Unexpected var, use let or const instead                                      no-var
  316:784     warning  Expected an assignment or function call and instead saw an expression         no-unused-expressions
  316:831     error    Unexpected var, use let or const instead                                      no-var
  316:913     error    Unexpected var, use let or const instead                                      no-var
  316:978     error    Unexpected var, use let or const instead                                      no-var
  316:1030    error    Unexpected var, use let or const instead                                      no-var
  316:1292    error    Unexpected var, use let or const instead                                      no-var
  316:1523    error    Unexpected var, use let or const instead                                      no-var
  316:1588    error    Unexpected var, use let or const instead                                      no-var
  316:1614    error    Unexpected var, use let or const instead                                      no-var
  316:1648    error    Unexpected var, use let or const instead                                      no-var
  316:1714    error    Unexpected var, use let or const instead                                      no-var
  316:1780    error    Unexpected var, use let or const instead                                      no-var
  316:2496    error    Unexpected var, use let or const instead                                      no-var
  316:2574    error    Unexpected var, use let or const instead                                      no-var
  316:2659    warning  Expected an assignment or function call and instead saw an expression         no-unused-expressions
  316:2765    warning  Expected an assignment or function call and instead saw an expression         no-unused-expressions
  316:2945    error    Unexpected var, use let or const instead                                      no-var
  316:3046    error    Unexpected var, use let or const instead                                      no-var
  316:3232    error    Unexpected var, use let or const instead                                      no-var
  316:3378    error    Unexpected var, use let or const instead                                      no-var
  316:3716    error    Unexpected var, use let or const instead                                      no-var
  316:3730    warning  Expected an assignment or function call and instead saw an expression         no-unused-expressions
  316:3791    error    Unexpected var, use let or const instead                                      no-var
  316:4181    error    Unexpected var, use let or const instead                                      no-var
  316:4211    error    Unexpected var, use let or const instead                                      no-var
  316:4346    error    Unexpected var, use let or const instead                                      no-var
  316:4446    error    Unexpected var, use let or const instead                                      no-var
  316:4922    error    Unexpected var, use let or const instead                                      no-var
  316:5144    error    Unexpected var, use let or const instead                                      no-var
  316:5794    warning  Expected an assignment or function call and instead saw an expression         no-unused-expressions
  316:5827    error    Unexpected var, use let or const instead                                      no-var
  316:5849    warning  Expected an assignment or function call and instead saw an expression         no-unused-expressions
  316:5896    warning  Expected an assignment or function call and instead saw an expression         no-unused-expressions
  316:5946    warning  Expected an assignment or function call and instead saw an expression         no-unused-expressions
  316:6378    error    Unexpected var, use let or const instead                                      no-var
  317:1       error    '__d' is not defined                                                          no-undef
  317:94      warning  Expected an assignment or function call and instead saw an expression         no-unused-expressions
  317:229     error    Unexpected var, use let or const instead                                      no-var
  318:1       error    '__d' is not defined                                                          no-undef
  318:94      warning  Expected an assignment or function call and instead saw an expression         no-unused-expressions
  318:229     error    Unexpected var, use let or const instead                                      no-var
  319:1       error    '__d' is not defined                                                          no-undef
  319:94      warning  Expected an assignment or function call and instead saw an expression         no-unused-expressions
  319:221     error    Unexpected var, use let or const instead                                      no-var
  319:369     error    Unexpected var, use let or const instead                                      no-var
  319:536     error    Unexpected var, use let or const instead                                      no-var
  319:689     warning  Expected an assignment or function call and instead saw an expression         no-unused-expressions
  319:886     error    Unexpected var, use let or const instead                                      no-var
  319:950     warning  Expected an assignment or function call and instead saw an expression         no-unused-expressions
  319:1024    error    Unexpected var, use let or const instead                                      no-var
  319:1088    warning  Expected an assignment or function call and instead saw an expression         no-unused-expressions
  319:1445    warning  Expected an assignment or function call and instead saw an expression         no-unused-expressions
  320:1       error    '__d' is not defined                                                          no-undef
  320:98      warning  Expected an assignment or function call and instead saw an expression         no-unused-expressions
  320:225     error    Unexpected var, use let or const instead                                      no-var
  320:361     error    Unexpected var, use let or const instead                                      no-var
  320:550     warning  Expected an assignment or function call and instead saw an expression         no-unused-expressions
  320:673     error    Unexpected var, use let or const instead                                      no-var
  320:725     error    Unexpected var, use let or const instead                                      no-var
  320:737     error    Unexpected var, use let or const instead                                      no-var
  320:760     warning  Expected an assignment or function call and instead saw an expression         no-unused-expressions
  320:800     error    Unexpected var, use let or const instead                                      no-var
  320:887     error    Unexpected var, use let or const instead                                      no-var
  320:983     error    Unexpected var, use let or const instead                                      no-var
  320:995     error    Unexpected var, use let or const instead                                      no-var
  320:1030    warning  Expected an assignment or function call and instead saw an expression         no-unused-expressions
  320:1108    error    Unexpected var, use let or const instead                                      no-var
  320:1225    error    Unexpected var, use let or const instead                                      no-var
  320:1256    error    Unexpected var, use let or const instead                                      no-var
  320:1268    warning  Expected an assignment or function call and instead saw an expression         no-unused-expressions
  320:1544    error    Unexpected var, use let or const instead                                      no-var
  320:1689    error    Unexpected var, use let or const instead                                      no-var
  320:1722    warning  Expected an assignment or function call and instead saw an expression         no-unused-expressions
  320:1926    warning  Expected an assignment or function call and instead saw an expression         no-unused-expressions
  320:2153    error    Unexpected var, use let or const instead                                      no-var
  320:2215    warning  Expected an assignment or function call and instead saw an expression         no-unused-expressions
  320:2246    error    Unexpected var, use let or const instead                                      no-var
  320:2341    warning  Expected an assignment or function call and instead saw an expression         no-unused-expressions
  320:2428    warning  Expected an assignment or function call and instead saw an expression         no-unused-expressions
  320:2490    warning  Expected an assignment or function call and instead saw an expression         no-unused-expressions
  320:2786    error    Unexpected var, use let or const instead                                      no-var
  320:2904    error    Unexpected var, use let or const instead                                      no-var
  320:2935    error    Unexpected var, use let or const instead                                      no-var
  320:2947    warning  Expected an assignment or function call and instead saw an expression         no-unused-expressions
  320:3142    error    Unexpected var, use let or const instead                                      no-var
  320:3305    error    Unexpected var, use let or const instead                                      no-var
  320:3336    error    Unexpected var, use let or const instead                                      no-var
  320:3348    warning  Expected an assignment or function call and instead saw an expression         no-unused-expressions
  320:3624    error    Unexpected var, use let or const instead                                      no-var
  320:4161    error    Unexpected var, use let or const instead                                      no-var
  320:4291    warning  Expected an assignment or function call and instead saw an expression         no-unused-expressions
  320:4362    warning  Expected an assignment or function call and instead saw an expression         no-unused-expressions
  320:4497    warning  Expected an assignment or function call and instead saw an expression         no-unused-expressions
  320:4529    warning  Expected an assignment or function call and instead saw an expression         no-unused-expressions
  320:4758    error    Unexpected var, use let or const instead                                      no-var
  320:4997    warning  Expected an assignment or function call and instead saw an expression         no-unused-expressions
  321:1       error    '__d' is not defined                                                          no-undef
  321:95      warning  Expected an assignment or function call and instead saw an expression         no-unused-expressions
  321:222     error    Unexpected var, use let or const instead                                      no-var
  321:308     warning  Expected an assignment or function call and instead saw an expression         no-unused-expressions
  321:424     warning  Expected an assignment or function call and instead saw an expression         no-unused-expressions
  321:611     warning  Expected an assignment or function call and instead saw an expression         no-unused-expressions
  321:672     warning  Expected an assignment or function call and instead saw an expression         no-unused-expressions
  321:848     error    Unexpected var, use let or const instead                                      no-var
  322:1       error    '__d' is not defined                                                          no-undef
  322:95      warning  Expected an assignment or function call and instead saw an expression         no-unused-expressions
  322:222     error    Unexpected var, use let or const instead                                      no-var
  322:297     warning  Expected an assignment or function call and instead saw an expression         no-unused-expressions
  322:404     warning  Expected an assignment or function call and instead saw an expression         no-unused-expressions
  322:507     error    Unexpected var, use let or const instead                                      no-var
  322:704     warning  Expected an assignment or function call and instead saw an expression         no-unused-expressions
  322:854     error    Unexpected var, use let or const instead                                      no-var
  323:1       error    '__d' is not defined                                                          no-undef
  323:95      warning  Expected an assignment or function call and instead saw an expression         no-unused-expressions
  323:222     error    Unexpected var, use let or const instead                                      no-var
  323:321     warning  Expected an assignment or function call and instead saw an expression         no-unused-expressions
  323:596     warning  Expected an assignment or function call and instead saw an expression         no-unused-expressions
  323:679     error    Unexpected var, use let or const instead                                      no-var
  323:969     warning  Expected an assignment or function call and instead saw an expression         no-unused-expressions
  323:1030    warning  Expected an assignment or function call and instead saw an expression         no-unused-expressions
  323:1206    error    Unexpected var, use let or const instead                                      no-var
  324:1       error    '__d' is not defined                                                          no-undef
  324:95      warning  Expected an assignment or function call and instead saw an expression         no-unused-expressions
  324:222     error    Unexpected var, use let or const instead                                      no-var
  324:295     warning  Expected an assignment or function call and instead saw an expression         no-unused-expressions
  324:345     warning  Expected an assignment or function call and instead saw an expression         no-unused-expressions
  324:566     warning  Expected an assignment or function call and instead saw an expression         no-unused-expressions
  324:708     error    Unexpected var, use let or const instead                                      no-var
  325:1       error    '__d' is not defined                                                          no-undef
  325:95      warning  Expected an assignment or function call and instead saw an expression         no-unused-expressions
  325:222     error    Unexpected var, use let or const instead                                      no-var
  325:308     warning  Expected an assignment or function call and instead saw an expression         no-unused-expressions
  325:424     warning  Expected an assignment or function call and instead saw an expression         no-unused-expressions
  325:611     warning  Expected an assignment or function call and instead saw an expression         no-unused-expressions
  325:672     warning  Expected an assignment or function call and instead saw an expression         no-unused-expressions
  325:854     error    Unexpected var, use let or const instead                                      no-var
  326:1       error    '__d' is not defined                                                          no-undef
  326:95      warning  Expected an assignment or function call and instead saw an expression         no-unused-expressions
  326:222     error    Unexpected var, use let or const instead                                      no-var
  326:308     warning  Expected an assignment or function call and instead saw an expression         no-unused-expressions
  326:424     warning  Expected an assignment or function call and instead saw an expression         no-unused-expressions
  326:611     warning  Expected an assignment or function call and instead saw an expression         no-unused-expressions
  326:672     warning  Expected an assignment or function call and instead saw an expression         no-unused-expressions
  326:851     error    Unexpected var, use let or const instead                                      no-var
  327:1       error    '__d' is not defined                                                          no-undef
  327:94      warning  Expected an assignment or function call and instead saw an expression         no-unused-expressions
  327:221     error    Unexpected var, use let or const instead                                      no-var
  327:246     error    Unexpected var, use let or const instead                                      no-var
  327:322     warning  Expected an assignment or function call and instead saw an expression         no-unused-expressions
  327:507     warning  Expected an assignment or function call and instead saw an expression         no-unused-expressions
  327:659     warning  Expected an assignment or function call and instead saw an expression         no-unused-expressions
  327:743     warning  Expected an assignment or function call and instead saw an expression         no-unused-expressions
  327:995     error    Unexpected var, use let or const instead                                      no-var
  327:1290    error    Unexpected var, use let or const instead                                      no-var
  328:1       error    '__d' is not defined                                                          no-undef
  328:94      warning  Expected an assignment or function call and instead saw an expression         no-unused-expressions
  328:221     error    Unexpected var, use let or const instead                                      no-var
  328:317     error    Unexpected var, use let or const instead                                      no-var
  328:336     warning  Expected an assignment or function call and instead saw an expression         no-unused-expressions
  328:637     warning  Expected an assignment or function call and instead saw an expression         no-unused-expressions
  328:692     warning  Expected an assignment or function call and instead saw an expression         no-unused-expressions
  328:752     warning  Expected an assignment or function call and instead saw an expression         no-unused-expressions
  328:814     warning  Expected an assignment or function call and instead saw an expression         no-unused-expressions
  328:943     warning  Expected an assignment or function call and instead saw an expression         no-unused-expressions
  328:1032    warning  Expected an assignment or function call and instead saw an expression         no-unused-expressions
  328:1117    error    Unexpected var, use let or const instead                                      no-var
  328:1141    warning  Expected an assignment or function call and instead saw an expression         no-unused-expressions
  328:1267    warning  Expected an assignment or function call and instead saw an expression         no-unused-expressions
  328:1402    warning  Expected an assignment or function call and instead saw an expression         no-unused-expressions
  328:1593    error    Unexpected var, use let or const instead                                      no-var
  329:1       error    '__d' is not defined                                                          no-undef
  329:43      warning  Expected an assignment or function call and instead saw an expression         no-unused-expressions
  329:170     error    Unexpected var, use let or const instead                                      no-var
  329:273     error    Unexpected var, use let or const instead                                      no-var
  329:283     warning  Expected an assignment or function call and instead saw an expression         no-unused-expressions
  329:729     warning  Expected an assignment or function call and instead saw an expression         no-unused-expressions
  329:974     error    Unexpected var, use let or const instead                                      no-var
  329:1105    warning  Expected an assignment or function call and instead saw an expression         no-unused-expressions
  329:1304    warning  Expected an assignment or function call and instead saw an expression         no-unused-expressions
  329:1417    error    Unexpected var, use let or const instead                                      no-var
  330:1       error    '__d' is not defined                                                          no-undef
  330:43      warning  Expected an assignment or function call and instead saw an expression         no-unused-expressions
  330:170     error    Unexpected var, use let or const instead                                      no-var
  330:226     error    Unexpected var, use let or const instead                                      no-var
  330:443     error    Unexpected var, use let or const instead                                      no-var
  330:462     warning  Expected an assignment or function call and instead saw an expression         no-unused-expressions
  330:514     error    Unexpected var, use let or const instead                                      no-var
  330:540     warning  Expected an assignment or function call and instead saw an expression         no-unused-expressions
  330:590     error    Unexpected var, use let or const instead                                      no-var
  330:630     warning  Expected an assignment or function call and instead saw an expression         no-unused-expressions
  331:1       error    '__d' is not defined                                                          no-undef
  331:95      warning  Expected an assignment or function call and instead saw an expression         no-unused-expressions
  331:222     error    Unexpected var, use let or const instead                                      no-var
  331:324     error    Unexpected var, use let or const instead                                      no-var
  331:1077    warning  Expected an assignment or function call and instead saw an expression         no-unused-expressions
  331:1485    error    Unexpected var, use let or const instead                                      no-var
  331:1716    error    Unexpected var, use let or const instead                                      no-var
  331:1832    warning  Expected an assignment or function call and instead saw an expression         no-unused-expressions
  331:1902    error    Unexpected var, use let or const instead                                      no-var
  331:2029    warning  Expected an assignment or function call and instead saw an expression         no-unused-expressions
  331:2094    warning  Expected an assignment or function call and instead saw an expression         no-unused-expressions
  331:2331    error    Unexpected var, use let or const instead                                      no-var
  331:2926    error    Unexpected var, use let or const instead                                      no-var
  331:2953    warning  Expected an assignment or function call and instead saw an expression         no-unused-expressions
  331:3088    error    Unexpected var, use let or const instead                                      no-var
  331:3099    warning  Expected an assignment or function call and instead saw an expression         no-unused-expressions
  331:3169    warning  Expected an assignment or function call and instead saw an expression         no-unused-expressions
  331:3351    error    Unexpected var, use let or const instead                                      no-var
  331:3411    error    Unexpected var, use let or const instead                                      no-var
  331:3459    error    Unexpected var, use let or const instead                                      no-var
  331:3666    error    Unexpected var, use let or const instead                                      no-var
  331:3689    warning  Expected an assignment or function call and instead saw an expression         no-unused-expressions
  331:3854    error    Unexpected var, use let or const instead                                      no-var
  331:3875    warning  Expected an assignment or function call and instead saw an expression         no-unused-expressions
  331:4028    error    Unexpected var, use let or const instead                                      no-var
  331:4153    error    Unexpected var, use let or const instead                                      no-var
  331:4530    warning  Expected an assignment or function call and instead saw an expression         no-unused-expressions
  331:4671    error    Unexpected var, use let or const instead                                      no-var
  332:1       error    '__d' is not defined                                                          no-undef
  332:111     warning  Expected an assignment or function call and instead saw an expression         no-unused-expressions
  332:236     error    Unexpected var, use let or const instead                                      no-var
  332:612     error    Unexpected var, use let or const instead                                      no-var
  332:644     error    Unexpected var, use let or const instead                                      no-var
  333:1       error    '__d' is not defined                                                          no-undef
  333:97      warning  Expected an assignment or function call and instead saw an expression         no-unused-expressions
  333:224     error    Unexpected var, use let or const instead                                      no-var
  333:374     error    Unexpected var, use let or const instead                                      no-var
  333:864     warning  Expected an assignment or function call and instead saw an expression         no-unused-expressions
  333:891     error    Unexpected var, use let or const instead                                      no-var
  333:918     error    Unexpected var, use let or const instead                                      no-var
  333:926     warning  Expected an assignment or function call and instead saw an expression         no-unused-expressions
  333:975     error    Unexpected var, use let or const instead                                      no-var
  333:1019    warning  Expected an assignment or function call and instead saw an expression         no-unused-expressions
  333:1225    error    Unexpected var, use let or const instead                                      no-var
  333:1256    error    Unexpected var, use let or const instead                                      no-var
  333:1324    error    Unexpected var, use let or const instead                                      no-var
  333:1371    error    Unexpected var, use let or const instead                                      no-var
  333:1379    warning  Expected an assignment or function call and instead saw an expression         no-unused-expressions
  333:1521    error    Unexpected var, use let or const instead                                      no-var
  333:1529    warning  Expected an assignment or function call and instead saw an expression         no-unused-expressions
  333:1597    error    Unexpected var, use let or const instead                                      no-var
  333:1625    warning  Expected an assignment or function call and instead saw an expression         no-unused-expressions
  333:1739    warning  Expected an assignment or function call and instead saw an expression         no-unused-expressions
  333:1843    warning  Expected an assignment or function call and instead saw an expression         no-unused-expressions
  333:1951    warning  Expected an assignment or function call and instead saw an expression         no-unused-expressions
  333:2058    error    Unexpected var, use let or const instead                                      no-var
  333:2082    warning  Expected an assignment or function call and instead saw an expression         no-unused-expressions
  333:2256    warning  Expected an assignment or function call and instead saw an expression         no-unused-expressions
  333:2479    warning  Expected an assignment or function call and instead saw an expression         no-unused-expressions
  333:2627    warning  Expected an assignment or function call and instead saw an expression         no-unused-expressions
  333:2761    warning  Expected an assignment or function call and instead saw an expression         no-unused-expressions
  333:3059    warning  Expected an assignment or function call and instead saw an expression         no-unused-expressions
  333:3183    warning  Expected an assignment or function call and instead saw an expression         no-unused-expressions
  333:3324    warning  Expected an assignment or function call and instead saw an expression         no-unused-expressions
  334:1       error    '__d' is not defined                                                          no-undef
  334:94      warning  Expected an assignment or function call and instead saw an expression         no-unused-expressions
  334:245     error    Unexpected var, use let or const instead                                      no-var
  334:336     error    Unexpected var, use let or const instead                                      no-var
  334:350     warning  Expected an assignment or function call and instead saw an expression         no-unused-expressions
  334:841     error    Unexpected var, use let or const instead                                      no-var
  334:1096    warning  Expected an assignment or function call and instead saw an expression         no-unused-expressions
  334:1163    error    Unexpected var, use let or const instead                                      no-var
  334:1174    warning  Expected an assignment or function call and instead saw an expression         no-unused-expressions
  334:1437    warning  Expected an assignment or function call and instead saw an expression         no-unused-expressions
  334:1504    error    Unexpected var, use let or const instead                                      no-var
  334:1736    warning  Expected an assignment or function call and instead saw an expression         no-unused-expressions
  334:1942    warning  Expected an assignment or function call and instead saw an expression         no-unused-expressions
  334:2083    error    Unexpected var, use let or const instead                                      no-var
  335:1       error    '__d' is not defined                                                          no-undef
  335:43      warning  Expected an assignment or function call and instead saw an expression         no-unused-expressions
  335:170     error    Unexpected var, use let or const instead                                      no-var
  336:1       error    '__d' is not defined                                                          no-undef
  336:43      warning  Expected an assignment or function call and instead saw an expression         no-unused-expressions
  336:170     error    Unexpected var, use let or const instead                                      no-var
  336:635     error    Unexpected var, use let or const instead                                      no-var
  336:859     error    Unexpected var, use let or const instead                                      no-var
  336:931     error    Unexpected var, use let or const instead                                      no-var
  336:981     error    Unexpected var, use let or const instead                                      no-var
  336:1196    error    Unexpected var, use let or const instead                                      no-var
  337:1       error    '__d' is not defined                                                          no-undef
  343:14      warning  Expected an assignment or function call and instead saw an expression         no-unused-expressions
  343:139     error    Unexpected var, use let or const instead                                      no-var
  343:428     error    Unexpected var, use let or const instead                                      no-var
  343:451     warning  Expected an assignment or function call and instead saw an expression         no-unused-expressions
  343:547     error    Unexpected var, use let or const instead                                      no-var
  343:568     error    Unexpected var, use let or const instead                                      no-var
  343:736     error    Unexpected var, use let or const instead                                      no-var
  343:797     error    Unexpected var, use let or const instead                                      no-var
  343:847     error    Unexpected var, use let or const instead                                      no-var
  343:888     error    Unexpected var, use let or const instead                                      no-var
  344:1       error    '__d' is not defined                                                          no-undef
  344:95      warning  Expected an assignment or function call and instead saw an expression         no-unused-expressions
  344:222     error    Unexpected var, use let or const instead                                      no-var
  344:297     error    Unexpected var, use let or const instead                                      no-var
  344:351     error    Unexpected var, use let or const instead                                      no-var
  344:694     error    Unexpected var, use let or const instead                                      no-var
  344:765     warning  Expected an assignment or function call and instead saw an expression         no-unused-expressions
  344:796     error    Unexpected var, use let or const instead                                      no-var
  344:815     warning  Expected an assignment or function call and instead saw an expression         no-unused-expressions
  344:859     warning  Expected an assignment or function call and instead saw an expression         no-unused-expressions
  344:885     error    Unexpected var, use let or const instead                                      no-var
  344:912     error    Unexpected var, use let or const instead                                      no-var
  344:1132    warning  Expected an assignment or function call and instead saw an expression         no-unused-expressions
  344:1173    warning  Expected an assignment or function call and instead saw an expression         no-unused-expressions
  345:1       error    '__d' is not defined                                                          no-undef
  345:44      warning  Expected an assignment or function call and instead saw an expression         no-unused-expressions
  345:171     error    Unexpected var, use let or const instead                                      no-var
  345:220     error    Unexpected var, use let or const instead                                      no-var
  345:274     error    Unexpected var, use let or const instead                                      no-var
  345:482     error    Unexpected var, use let or const instead                                      no-var
  345:500     error    Unexpected var, use let or const instead                                      no-var
  345:560     error    Unexpected var, use let or const instead                                      no-var
  345:596     warning  Expected an assignment or function call and instead saw an expression         no-unused-expressions
  345:705     warning  Expected an assignment or function call and instead saw an expression         no-unused-expressions
  346:1       error    '__d' is not defined                                                          no-undef
  346:95      warning  Expected an assignment or function call and instead saw an expression         no-unused-expressions
  346:222     error    Unexpected var, use let or const instead                                      no-var
  346:269     error    Unexpected var, use let or const instead                                      no-var
  346:323     error    Unexpected var, use let or const instead                                      no-var
  346:581     error    Unexpected var, use let or const instead                                      no-var
  346:1509    error    Unexpected var, use let or const instead                                      no-var
  346:1678    warning  Expected an assignment or function call and instead saw an expression         no-unused-expressions
  346:1758    warning  Expected an assignment or function call and instead saw an expression         no-unused-expressions
  346:1817    warning  Expected an assignment or function call and instead saw an expression         no-unused-expressions
  347:1       error    '__d' is not defined                                                          no-undef
  347:95      warning  Expected an assignment or function call and instead saw an expression         no-unused-expressions
  347:222     error    Unexpected var, use let or const instead                                      no-var
  347:297     error    Unexpected var, use let or const instead                                      no-var
  347:351     error    Unexpected var, use let or const instead                                      no-var
  347:621     error    Unexpected var, use let or const instead                                      no-var
  347:736     error    Unexpected var, use let or const instead                                      no-var
  347:746     warning  Expected an assignment or function call and instead saw an expression         no-unused-expressions
  347:900     error    Unexpected var, use let or const instead                                      no-var
  348:1       error    '__d' is not defined                                                          no-undef
  348:96      warning  Expected an assignment or function call and instead saw an expression         no-unused-expressions
  348:223     error    Unexpected var, use let or const instead                                      no-var
  348:270     error    Unexpected var, use let or const instead                                      no-var
  348:324     error    Unexpected var, use let or const instead                                      no-var
  348:674     warning  'e' is defined but never used. Allowed unused caught errors must match /^_/u  no-unused-vars
  348:730     error    Unexpected var, use let or const instead                                      no-var
  348:765     error    Unexpected var, use let or const instead                                      no-var
  348:837     error    Unexpected var, use let or const instead                                      no-var
  348:875     error    Unexpected var, use let or const instead                                      no-var
  348:929     error    Unexpected var, use let or const instead                                      no-var
  348:939     error    Unexpected var, use let or const instead                                      no-var
  348:1079    error    Unexpected var, use let or const instead                                      no-var
  348:1270    error    Unexpected var, use let or const instead                                      no-var
  348:1289    warning  Expected an assignment or function call and instead saw an expression         no-unused-expressions
  348:1671    error    Unexpected var, use let or const instead                                      no-var
  349:1       error    '__d' is not defined                                                          no-undef
  349:94      warning  Expected an assignment or function call and instead saw an expression         no-unused-expressions
  349:652     error    Unexpected var, use let or const instead                                      no-var
  350:1       error    '__d' is not defined                                                          no-undef
  350:95      warning  Expected an assignment or function call and instead saw an expression         no-unused-expressions
  350:222     error    Unexpected var, use let or const instead                                      no-var
  350:297     error    Unexpected var, use let or const instead                                      no-var
  350:351     error    Unexpected var, use let or const instead                                      no-var
  350:702     error    Unexpected var, use let or const instead                                      no-var
  350:1348    error    Unexpected var, use let or const instead                                      no-var
  351:1       error    '__d' is not defined                                                          no-undef
  351:94      warning  Expected an assignment or function call and instead saw an expression         no-unused-expressions
  351:374     error    Unexpected var, use let or const instead                                      no-var
  352:1       error    '__d' is not defined                                                          no-undef
  352:43      warning  Expected an assignment or function call and instead saw an expression         no-unused-expressions
  352:1005    error    Unexpected var, use let or const instead                                      no-var
  353:1       error    '__d' is not defined                                                          no-undef
  353:56      warning  Expected an assignment or function call and instead saw an expression         no-unused-expressions
  353:181     error    Unexpected var, use let or const instead                                      no-var
  354:1       error    '__d' is not defined                                                          no-undef
  354:94      warning  Expected an assignment or function call and instead saw an expression         no-unused-expressions
  354:464     warning  Expected an assignment or function call and instead saw an expression         no-unused-expressions
  354:715     warning  Expected an assignment or function call and instead saw an expression         no-unused-expressions
  354:3845    warning  Expected an assignment or function call and instead saw an expression         no-unused-expressions
  354:4064    error    Unexpected var, use let or const instead                                      no-var
  355:1       error    '__d' is not defined                                                          no-undef
  355:42      warning  Expected an assignment or function call and instead saw an expression         no-unused-expressions
  355:837     error    Unexpected var, use let or const instead                                      no-var
  356:1       error    '__d' is not defined                                                          no-undef
  356:43      warning  Expected an assignment or function call and instead saw an expression         no-unused-expressions
  356:1700    warning  Expected an assignment or function call and instead saw an expression         no-unused-expressions
  357:1       error    '__d' is not defined                                                          no-undef
  357:45      warning  Expected an assignment or function call and instead saw an expression         no-unused-expressions
  357:170     error    Unexpected var, use let or const instead                                      no-var
  357:17860   warning  Expected an assignment or function call and instead saw an expression         no-unused-expressions
  357:18344   warning  Expected an assignment or function call and instead saw an expression         no-unused-expressions
  357:18654   warning  Expected an assignment or function call and instead saw an expression         no-unused-expressions
  357:18747   warning  Expected an assignment or function call and instead saw an expression         no-unused-expressions
  357:20523   warning  Expected an assignment or function call and instead saw an expression         no-unused-expressions
  357:20943   warning  Expected an assignment or function call and instead saw an expression         no-unused-expressions
  357:21073   warning  Expected an assignment or function call and instead saw an expression         no-unused-expressions
  357:21950   warning  Expected an assignment or function call and instead saw an expression         no-unused-expressions
  358:1       error    '__d' is not defined                                                          no-undef
  358:43      warning  Expected an assignment or function call and instead saw an expression         no-unused-expressions
  359:1       error    '__d' is not defined                                                          no-undef
  359:42      warning  Expected an assignment or function call and instead saw an expression         no-unused-expressions
  360:1       error    '__d' is not defined                                                          no-undef
  360:95      warning  Expected an assignment or function call and instead saw an expression         no-unused-expressions
  360:643     error    Unexpected var, use let or const instead                                      no-var
  361:1       error    '__d' is not defined                                                          no-undef
  361:94      warning  Expected an assignment or function call and instead saw an expression         no-unused-expressions
  361:412     error    Unexpected var, use let or const instead                                      no-var
  362:1       error    '__d' is not defined                                                          no-undef
  362:42      warning  Expected an assignment or function call and instead saw an expression         no-unused-expressions
  362:343     warning  Expected an assignment or function call and instead saw an expression         no-unused-expressions
  362:465     warning  Expected an assignment or function call and instead saw an expression         no-unused-expressions
  362:523     warning  Expected an assignment or function call and instead saw an expression         no-unused-expressions
  362:544     warning  Expected an assignment or function call and instead saw an expression         no-unused-expressions
  362:678     warning  Expected an assignment or function call and instead saw an expression         no-unused-expressions
  362:847     warning  Expected an assignment or function call and instead saw an expression         no-unused-expressions
  362:1716    error    Unexpected var, use let or const instead                                      no-var
  363:1       error    '__d' is not defined                                                          no-undef
  363:94      warning  Expected an assignment or function call and instead saw an expression         no-unused-expressions
  363:397     warning  Expected an assignment or function call and instead saw an expression         no-unused-expressions
  363:1260    error    Unexpected var, use let or const instead                                      no-var
  364:1       error    '__d' is not defined                                                          no-undef
  364:97      warning  Expected an assignment or function call and instead saw an expression         no-unused-expressions
  364:1283    warning  Expected an assignment or function call and instead saw an expression         no-unused-expressions
  364:1572    warning  Expected an assignment or function call and instead saw an expression         no-unused-expressions
  364:1723    warning  Expected an assignment or function call and instead saw an expression         no-unused-expressions
  364:1909    warning  Expected an assignment or function call and instead saw an expression         no-unused-expressions
  364:2311    warning  Expected an assignment or function call and instead saw an expression         no-unused-expressions
  364:2612    warning  Expected an assignment or function call and instead saw an expression         no-unused-expressions
  364:3469    warning  Expected an assignment or function call and instead saw an expression         no-unused-expressions
  364:3612    warning  Expected an assignment or function call and instead saw an expression         no-unused-expressions
  364:4112    warning  Expected an assignment or function call and instead saw an expression         no-unused-expressions
  364:4327    warning  Expected an assignment or function call and instead saw an expression         no-unused-expressions
  364:8542    warning  Expected an assignment or function call and instead saw an expression         no-unused-expressions
  364:8921    warning  Expected an assignment or function call and instead saw an expression         no-unused-expressions
  364:9121    warning  Expected an assignment or function call and instead saw an expression         no-unused-expressions
  364:10115   warning  Expected an assignment or function call and instead saw an expression         no-unused-expressions
  364:10330   error    Unexpected var, use let or const instead                                      no-var
  365:1       error    '__d' is not defined                                                          no-undef
  365:43      warning  Expected an assignment or function call and instead saw an expression         no-unused-expressions
  365:170     error    Unexpected var, use let or const instead                                      no-var
  366:1       error    '__d' is not defined                                                          no-undef
  366:86      error    Unexpected var, use let or const instead                                      no-var
  366:140     error    Unexpected var, use let or const instead                                      no-var
  366:329     warning  Expected an assignment or function call and instead saw an expression         no-unused-expressions
  366:456     error    Unexpected var, use let or const instead                                      no-var
  366:637     error    Unexpected var, use let or const instead                                      no-var
  366:737     error    Unexpected var, use let or const instead                                      no-var
  366:797     warning  'e' is defined but never used. Allowed unused caught errors must match /^_/u  no-unused-vars
  366:1237    error    Unexpected var, use let or const instead                                      no-var
  366:1271    error    Unexpected var, use let or const instead                                      no-var
  366:2416    warning  Expected an assignment or function call and instead saw an expression         no-unused-expressions
  366:2787    error    Unexpected var, use let or const instead                                      no-var
  366:2898    warning  Expected an assignment or function call and instead saw an expression         no-unused-expressions
  366:2968    error    Unexpected var, use let or const instead                                      no-var
  366:3011    error    Unexpected var, use let or const instead                                      no-var
  366:3048    warning  Expected an assignment or function call and instead saw an expression         no-unused-expressions
  366:3245    warning  Expected an assignment or function call and instead saw an expression         no-unused-expressions
  366:3408    error    Unexpected var, use let or const instead                                      no-var
  366:3425    warning  Expected an assignment or function call and instead saw an expression         no-unused-expressions
  366:3526    error    Unexpected var, use let or const instead                                      no-var
  366:3554    warning  Expected an assignment or function call and instead saw an expression         no-unused-expressions
  366:4044    error    Unexpected var, use let or const instead                                      no-var
  366:4094    warning  Expected an assignment or function call and instead saw an expression         no-unused-expressions
  366:4255    warning  Expected an assignment or function call and instead saw an expression         no-unused-expressions
  366:4361    error    Unexpected var, use let or const instead                                      no-var
  366:4386    warning  Expected an assignment or function call and instead saw an expression         no-unused-expressions
  366:4453    error    Unexpected var, use let or const instead                                      no-var
  366:4468    warning  Expected an assignment or function call and instead saw an expression         no-unused-expressions
  366:4693    error    Unexpected var, use let or const instead                                      no-var
  366:4728    error    Unexpected var, use let or const instead                                      no-var
  366:4770    warning  Expected an assignment or function call and instead saw an expression         no-unused-expressions
  366:4965    error    Unexpected var, use let or const instead                                      no-var
  366:5026    warning  Expected an assignment or function call and instead saw an expression         no-unused-expressions
  366:5136    warning  'e' is defined but never used. Allowed unused caught errors must match /^_/u  no-unused-vars
  366:5388    error    Unexpected var, use let or const instead                                      no-var
  366:5452    error    Unexpected var, use let or const instead                                      no-var
  366:5578    warning  Expected an assignment or function call and instead saw an expression         no-unused-expressions
  366:5622    error    Unexpected var, use let or const instead                                      no-var
  367:1       error    '__d' is not defined                                                          no-undef
  367:94      warning  Expected an assignment or function call and instead saw an expression         no-unused-expressions
  367:642     error    Unexpected var, use let or const instead                                      no-var
  368:1       error    '__d' is not defined                                                          no-undef
  368:94      warning  Expected an assignment or function call and instead saw an expression         no-unused-expressions
  368:980     error    Unexpected var, use let or const instead                                      no-var
  369:1       error    '__d' is not defined                                                          no-undef
  369:94      warning  Expected an assignment or function call and instead saw an expression         no-unused-expressions
  369:415     warning  Expected an assignment or function call and instead saw an expression         no-unused-expressions
  369:2698    error    Unexpected var, use let or const instead                                      no-var
  370:1       error    '__d' is not defined                                                          no-undef
  370:95      warning  Expected an assignment or function call and instead saw an expression         no-unused-expressions
  370:607     warning  Expected an assignment or function call and instead saw an expression         no-unused-expressions
  370:1436    error    Unexpected var, use let or const instead                                      no-var
  371:1       error    '__d' is not defined                                                          no-undef
  371:95      warning  Expected an assignment or function call and instead saw an expression         no-unused-expressions
  371:370     warning  Expected an assignment or function call and instead saw an expression         no-unused-expressions
  371:2817    error    Unexpected var, use let or const instead                                      no-var
  372:1       error    '__d' is not defined                                                          no-undef
  372:94      warning  Expected an assignment or function call and instead saw an expression         no-unused-expressions
  372:350     warning  Expected an assignment or function call and instead saw an expression         no-unused-expressions
  372:931     error    Unexpected var, use let or const instead                                      no-var
  373:1       error    '__d' is not defined                                                          no-undef
  373:94      warning  Expected an assignment or function call and instead saw an expression         no-unused-expressions
  373:887     error    Unexpected var, use let or const instead                                      no-var
  374:1       error    '__d' is not defined                                                          no-undef
  374:42      warning  Expected an assignment or function call and instead saw an expression         no-unused-expressions
  375:1       error    '__d' is not defined                                                          no-undef
  375:94      warning  Expected an assignment or function call and instead saw an expression         no-unused-expressions
  375:1022    error    Unexpected var, use let or const instead                                      no-var
  376:1       error    '__d' is not defined                                                          no-undef
  376:94      warning  Expected an assignment or function call and instead saw an expression         no-unused-expressions
  376:894     error    Unexpected var, use let or const instead                                      no-var
  377:1       error    '__d' is not defined                                                          no-undef
  377:94      warning  Expected an assignment or function call and instead saw an expression         no-unused-expressions
  377:326     warning  Expected an assignment or function call and instead saw an expression         no-unused-expressions
  377:472     warning  Expected an assignment or function call and instead saw an expression         no-unused-expressions
  377:1490    error    Unexpected var, use let or const instead                                      no-var
  378:1       error    '__d' is not defined                                                          no-undef
  378:94      warning  Expected an assignment or function call and instead saw an expression         no-unused-expressions
  378:385     warning  Expected an assignment or function call and instead saw an expression         no-unused-expressions
  378:1564    error    Unexpected var, use let or const instead                                      no-var
  379:1       error    '__d' is not defined                                                          no-undef
  379:96      warning  Expected an assignment or function call and instead saw an expression         no-unused-expressions
  379:951     error    Unexpected var, use let or const instead                                      no-var
  380:1       error    '__d' is not defined                                                          no-undef
  380:94      warning  Expected an assignment or function call and instead saw an expression         no-unused-expressions
  380:3055    error    Unexpected var, use let or const instead                                      no-var
  381:1       error    '__d' is not defined                                                          no-undef
  381:94      warning  Expected an assignment or function call and instead saw an expression         no-unused-expressions
  381:491     error    Unexpected var, use let or const instead                                      no-var
  382:1       error    '__d' is not defined                                                          no-undef
  382:94      warning  Expected an assignment or function call and instead saw an expression         no-unused-expressions
  382:903     error    Unexpected var, use let or const instead                                      no-var
  383:1       error    '__d' is not defined                                                          no-undef
  383:42      warning  Expected an assignment or function call and instead saw an expression         no-unused-expressions
  383:205     warning  Expected an assignment or function call and instead saw an expression         no-unused-expressions
  383:313     warning  Expected an assignment or function call and instead saw an expression         no-unused-expressions
  383:495     warning  Expected an assignment or function call and instead saw an expression         no-unused-expressions
  383:949     warning  Expected an assignment or function call and instead saw an expression         no-unused-expressions
  383:1334    error    Unexpected var, use let or const instead                                      no-var
  384:1       error    '__d' is not defined                                                          no-undef
  384:43      warning  Expected an assignment or function call and instead saw an expression         no-unused-expressions
  384:724     error    Unexpected var, use let or const instead                                      no-var
  385:1       error    '__d' is not defined                                                          no-undef
  385:43      warning  Expected an assignment or function call and instead saw an expression         no-unused-expressions
  385:271     error    Unexpected var, use let or const instead                                      no-var
  386:1       error    '__d' is not defined                                                          no-undef
  386:44      warning  Expected an assignment or function call and instead saw an expression         no-unused-expressions
  386:171     error    Unexpected var, use let or const instead                                      no-var
  386:536     warning  Expected an assignment or function call and instead saw an expression         no-unused-expressions
  386:562     warning  Expected an assignment or function call and instead saw an expression         no-unused-expressions
  386:1380    error    Unexpected var, use let or const instead                                      no-var
  387:1       error    '__d' is not defined                                                          no-undef
  387:43      warning  Expected an assignment or function call and instead saw an expression         no-unused-expressions
  387:170     error    Unexpected var, use let or const instead                                      no-var
  388:1       error    '__d' is not defined                                                          no-undef
  388:729     warning  Expected an assignment or function call and instead saw an expression         no-unused-expressions
  388:944     warning  Expected an assignment or function call and instead saw an expression         no-unused-expressions
  389:1       error    '__d' is not defined                                                          no-undef
  390:1       error    '__d' is not defined                                                          no-undef
  390:43      warning  Expected an assignment or function call and instead saw an expression         no-unused-expressions
  390:311     error    Unexpected var, use let or const instead                                      no-var
  391:1       error    '__d' is not defined                                                          no-undef
  391:94      warning  Expected an assignment or function call and instead saw an expression         no-unused-expressions
  391:431     warning  Expected an assignment or function call and instead saw an expression         no-unused-expressions
  391:2446    warning  Expected an assignment or function call and instead saw an expression         no-unused-expressions
  391:3130    warning  Expected an assignment or function call and instead saw an expression         no-unused-expressions
  391:3898    error    Unexpected var, use let or const instead                                      no-var
  391:3959    error    Unexpected var, use let or const instead                                      no-var
  392:1       error    '__d' is not defined                                                          no-undef
  392:95      warning  Expected an assignment or function call and instead saw an expression         no-unused-expressions
  392:222     error    Unexpected var, use let or const instead                                      no-var
  392:297     error    Unexpected var, use let or const instead                                      no-var
  392:351     error    Unexpected var, use let or const instead                                      no-var
  392:621     warning  Expected an assignment or function call and instead saw an expression         no-unused-expressions
  392:734     error    Unexpected var, use let or const instead                                      no-var
  392:770     error    Unexpected var, use let or const instead                                      no-var
  392:889     error    Unexpected var, use let or const instead                                      no-var
  392:1066    error    Unexpected var, use let or const instead                                      no-var
  393:1       error    '__d' is not defined                                                          no-undef
  393:94      warning  Expected an assignment or function call and instead saw an expression         no-unused-expressions
  393:738     warning  Expected an assignment or function call and instead saw an expression         no-unused-expressions
  393:925     warning  Expected an assignment or function call and instead saw an expression         no-unused-expressions
  393:1003    warning  Expected an assignment or function call and instead saw an expression         no-unused-expressions
  393:1175    warning  Expected an assignment or function call and instead saw an expression         no-unused-expressions
  393:1331    warning  Expected an assignment or function call and instead saw an expression         no-unused-expressions
  393:1716    warning  Expected an assignment or function call and instead saw an expression         no-unused-expressions
  393:7756    warning  Expected an assignment or function call and instead saw an expression         no-unused-expressions
  393:8018    error    Unexpected var, use let or const instead                                      no-var
  394:1       error    '__d' is not defined                                                          no-undef
  394:94      warning  Expected an assignment or function call and instead saw an expression         no-unused-expressions
  394:1266    error    Unexpected var, use let or const instead                                      no-var
  395:1       error    '__d' is not defined                                                          no-undef
  395:94      warning  Expected an assignment or function call and instead saw an expression         no-unused-expressions
  395:755     error    Unexpected var, use let or const instead                                      no-var
  396:1       error    '__r' is not defined                                                          no-undef
  397:1       error    '__r' is not defined                                                          no-undef

✖ 3843 problems (2362 errors, 1481 warnings)
  1603 errors and 0 warnings potentially fixable with the `--fix` option.

